director,drama_name,rank,pop,story_score,acting_cast_score,music_score,rewatch_value_score,overall_score
Ahn Gil Ho,Happiness,81,100,6.2,8.9,7.3,5.0,6.8
Ahn Gil Ho,I Order You,7003,1476,5.5,7.0,6.1,3.8,6.0
Ahn Gil Ho,Memories of the Alhambra,2111,97,7.3,8.9,8.5,7.0,7.9
Ahn Gil Ho,My Son-In-Law's Woman,51872,9341,3.0,3.0,1.0,1.0,3.0
Ahn Gil Ho,Record of Youth,5475,157,6.1,8.2,7.4,4.0,6.5
Ahn Gil Ho,Stranger,120,150,8.8,9.4,8.4,7.6,9.0
Ahn Gil Ho,The Glory,72,107,7.9,8.8,7.0,6.0,7.6
Ahn Gil Ho,The Glory Part 2,47,191,8.2,8.5,7.0,6.5,7.8
Ahn Gil Ho,WATCHER,1042,853,8.4,9.5,9.0,6.8,8.6
"Ahn Gil Ho, Yoo In Shik",Mrs. Cop,2519,2253,7.9,8.8,6.6,6.0,8.0
Ahn Ji Hee,Choco Milk Shake,5998,763,8.3,8.6,7.7,7.5,8.4
Ahn Ji Sook,Let Me Be Your Knight,2499,1171,7.4,8.2,9.0,5.8,7.9
"Ahn Ji Sook, Nam Sung Woo",Kill It,1367,278,7.5,8.8,8.4,5.2,7.5
Ahn Pan Seok,Heard It Through the Grapevine,4287,1737,9.1,9.6,8.5,7.5,9.2
Ahn Pan Seok,One Spring Night,889,197,8.3,9.0,8.2,7.0,8.0
Ahn Pan Seok,Something in the Rain,2374,104,7.0,8.9,7.2,5.8,7.5
Ashbun,Angry Mom,1089,379,8.7,9.2,7.7,7.1,8.6
Ashbun,High Class,4471,2486,6.0,7.6,6.5,4.0,5.8
Ashbun,Missing 9,6682,612,5.7,8.7,6.9,3.8,5.7
Bae Jong,Island,1646,326,7.0,8.6,7.5,6.6,7.8
Bae Jong,Island Part 2,2248,1060,7.2,8.9,7.5,5.6,7.6
Bae Tae Seop,Amor Fati,52574,10602,5.0,5.2,4.0,4.2,5.0
Bae Tae Seop,Here Comes Love,47565,10654,7.2,7.4,6.0,6.0,7.5
Bae Tae Seop,"I'm a Mother, Too",45147,12268,6.2,6.0,4.2,2.0,5.8
Baek Ho Min,A Good Supper,8978,7223,3.8,5.5,5.7,2.0,3.8
Baek Ho Min,My Husband Oh Jak Doo,4669,1863,8.2,8.7,8.0,6.5,7.8
Baek Ho Min,You're Too Much,8334,5849,6.0,7.5,5.0,5.5,6.2
"Baek Ho Min, Lee Jae Jin",My Daughter Geum Sa Wol,7719,4550,4.0,6.2,4.2,1.0,4.5
Baek Min Hee,Just One Bite,2965,2410,7.0,7.2,6.8,6.5,7.2
Baek Min Hee,Just One Bite Season 2,2490,3028,7.9,8.9,7.8,5.5,8.6
Baek Min Hee,My Fuxxxxx Romance,8282,3356,6.9,7.9,7.3,5.0,7.2
Baek Min Hee,Our D-Day,41348,11422,8.5,8.5,9.5,7.5,8.0
Baek Min Hee,Peng,8028,2572,4.4,5.7,5.1,3.9,4.4
Baek Min Hee,Yellow,5904,3036,7.6,8.1,7.6,7.1,7.8
"Baek Sang Hoon, Kim Seong Yoon",Love in the Moonlight,1186,76,8.4,9.6,8.6,8.6,8.9
"Baek Sang Hoon, Kim Seong Yoon",Who Are You: School 2015,1294,72,7.8,9.1,9.2,6.2,8.5
"Baek Sang Hoon, Lee Eung Bok",Descendants of the Sun,307,4,7.2,8.6,8.8,6.2,7.8
"Baek Sang Hoon, Yoo Je Won, Jung Ji Hyun",The King: Eternal Monarch,1637,43,6.7,8.5,8.0,6.2,7.3
Baek Seung Ryong,Behind Every Star,4732,2503,7.1,8.0,7.0,6.0,7.3
Baek Seung Ryong,Pegasus Market,1277,2167,8.7,9.0,8.5,7.0,8.6
Baek Soo Chan,Alice,6262,892,5.6,8.7,7.5,4.0,6.2
Baek Soo Chan,Reunited Worlds,4837,1020,8.3,8.4,8.1,7.0,8.5
Baek Soo Chan,The Girl Who Sees Scents,2771,199,7.2,8.1,7.1,4.3,7.5
"Baek Soo Chan, Kim Ji Hoon",Kokdu: Season of Deity,6503,1040,7.0,8.2,7.8,4.8,7.3
"Baek Soo Chan, Nam Tae Jin",Beautiful Gong Shim,3353,351,6.7,8.8,7.9,5.2,7.5
Bang Soo In,Shadow Beauty,2032,991,7.4,8.6,6.8,6.0,7.4
Boo Sung Chul,Ghost Doctor,341,345,8.6,8.9,7.5,7.4,8.5
Boo Sung Chul,Mask,1706,469,7.3,8.1,6.5,4.9,7.5
Boo Sung Chul,Our Gap Soon,8023,2655,6.9,7.6,7.3,5.6,7.2
Boo Sung Chul,Your Honor,1794,1029,8.4,9.2,8.5,7.4,8.5
"Cha Tae Hyun, Yoo Ho Jin",Hit the Top,1833,220,7.2,8.8,8.1,6.7,7.9
Cha Young Hoon,Are You Human Too?,1024,99,8.0,8.8,7.8,7.6,8.1
Cha Young Hoon,Baek Hee Has Returned,4160,3899,7.9,8.9,6.9,6.2,8.0
Cha Young Hoon,Forecasting Love and Weather,4914,230,5.7,7.4,6.8,4.5,6.0
Chang,Rose Mansion,4090,3248,8.5,8.9,8.4,5.9,8.4
Chiba Seiji,D.P.,135,187,9.5,9.5,8.7,8.0,9.2
Cho Ui Seok,Black Knight,1422,608,7.6,8.4,6.7,6.4,7.8
Cho Yun Ho,Midnight Horror: Six Nights,58111,8608,7.0,7.0,8.0,6.0,7.0
"Choi Chang Wook, Choi Joon Bae",The Dearest Lady,53280,11354,4.2,5.0,3.0,1.0,3.5
"Choi Chang Wook, Shim So Yeon",Rich Family's Son,5674,3440,8.2,9.0,8.5,7.8,8.5
Choi Do Hoon,Never Give Up,2398,4204,8.4,8.3,6.8,7.2,8.2
Choi Do Hoon,Possessed,7050,1310,5.7,9.0,8.5,3.9,6.1
"Choi Do Hoon, Jung Hun Soo",Eccentric! Chef Moon,4776,2893,6.5,8.2,6.0,3.5,6.7
Choi Eun Jong,Dokgo Rewind,2144,1245,6.8,7.2,6.4,5.5,6.8
Choi Hang Yong,The Silent Sea,1562,387,6.8,8.8,7.5,5.9,7.0
Choi Ji Yeong,Love on a Rooftop,8341,7469,5.4,5.1,5.0,3.0,5.1
Choi Ji Yeong,Stock Struck,3947,3818,7.9,8.4,7.6,7.7,7.9
Choi Ji Yeong,The All-Round Wife,56592,9778,6.0,7.5,7.5,5.0,7.0
Choi Joon Bae,Come and Hug Me,810,178,7.5,8.8,7.9,6.2,7.7
"Choi Joon Bae, Kang Cheol Woo",Mouse,109,155,7.1,8.8,7.8,6.5,7.3
"Choi Joon Bae, Min Jung Ah",Stealer: The Treasure Keeper,3588,2023,8.7,8.9,8.8,8.7,8.4
Choi Jung Gyu,Children of Nobody,340,827,9.5,9.5,8.7,8.9,9.5
Choi Jung Gyu,The Devil Judge,170,165,8.0,9.3,8.7,6.6,8.4
"Choi Jung Gyu, Lee Byung Hoon",The Flower in Prison,3195,2342,9.2,9.2,8.8,9.2,9.3
Choi Jung In,On the Verge of Insanity,1700,3286,8.6,9.3,7.8,7.8,8.6
Choi Kyu Shik,Hush,5550,3347,8.9,9.6,8.7,8.3,9.1
Choi Kyu Shik,Love Is for Suckers,5604,1080,6.3,7.8,6.1,4.4,6.9
"Choi Kyu Shik, Jung Hyung Geon",Drinking Solo,4431,915,7.0,8.4,6.8,5.6,7.5
"Choi Kyu Shik, Jung Hyung Geon",Let's Eat Season 3,3695,2027,7.6,8.4,7.0,7.3,7.6
Choi Moon Seok,I Have a Lover,3419,2052,7.2,8.9,7.6,6.2,7.6
"Choi Moon Seok, Lee Kwang Young",Super Family,2710,5802,10.0,10.0,6.8,8.5,9.0
Choi Sun Mi,New Normal Zine,55829,7485,2.0,3.0,2.0,1.0,2.0
Choi Sun Mi,The World of My 17,3537,1704,7.1,7.0,7.5,6.5,7.1
Choi Sun Mi,When You Love Yourself,3185,4216,7.0,7.0,4.0,5.0,7.0
Choi Sun Mi,When You Love Yourself Season 2,3186,5893,9.5,10.0,10.0,9.0,9.5
Choi Sung Bum,More Than Friends,6674,611,5.0,7.7,7.1,3.8,5.2
Choi Sung Bum,My ID Is Gangnam Beauty,2735,25,7.1,6.6,7.4,5.3,6.8
Choi Sung Eun,Tong: Memories,5951,6833,7.6,8.3,6.5,4.8,8.4
"Choi Won Seok, Park Sang Woo",Never Twice,1707,1394,8.2,8.8,7.0,7.0,7.8
Choi Yi Sup,Love in Sadness,4905,2321,7.6,8.1,7.2,5.8,7.4
Choi Yoon Seok,To All The Guys Who Loved Me,7640,1357,5.7,7.7,6.3,3.2,6.0
Choi Young Hoon,Band of Sisters,3706,4690,5.2,8.0,6.3,3.0,5.8
Choi Young Hoon,Good Casting,2802,1487,7.6,8.2,7.8,6.1,7.6
Choi Young Hoon,High Society,7031,350,6.8,7.2,7.7,4.3,7.0
Choi Young Hoon,One the Woman,1516,984,6.9,8.2,6.8,5.9,7.0
Choi Young Hoon,Pandora: Beneath the Paradise,5798,2202,7.0,7.0,5.4,3.4,6.7
Choi Young Hoon,Second to Last Love,5993,2552,7.8,9.0,8.4,7.7,8.0
Go Dong Sun,Man Who Dies to Live,7789,6018,5.0,6.2,4.5,4.8,5.0
Go Jae Hyun,Crime Puzzle,4864,2842,7.8,8.3,7.2,6.0,7.5
Go Jae Hyun,Player,778,677,8.6,9.2,8.9,8.2,9.0
"Go Jae Hyun, Park Bong Sub",Dinner Mate,2224,636,7.1,8.7,8.3,5.2,7.1
"Go Jae Hyun, Yoon Ra Young",Café Minamdang,1511,397,8.0,8.7,8.2,5.8,8.1
Go Nak Gyun,Back to the 2008,5815,7206,8.0,7.5,7.5,8.0,8.0
Go Young Tak,Lovers in Bloom,5588,3725,7.7,8.7,7.7,7.2,8.2
Go Young Tak,Madam Cha Dal Rae's Love,55169,14234,4.0,5.0,1.0,1.0,4.0
Go Young Tak,The Love in Your Eyes,4136,5840,6.1,7.8,6.0,4.5,6.1
Ha Byung Hoon,18 Again,234,115,7.7,8.8,8.6,6.6,8.4
Ha Byung Hoon,Go Back Couple,373,234,8.7,9.2,8.7,8.4,8.9
Ha Byung Hoon,The Sound of Your Heart,915,751,9.1,9.6,8.2,8.8,9.2
Ha Han Me,The Mysterious Class,723,1982,8.0,8.8,9.1,7.2,8.0
Ha Han Me,The Sweet Blood,8785,946,5.6,5.8,5.8,4.0,5.2
Ha Han Me,You I Didn't Know,56424,14907,8.0,8.0,8.0,8.0,8.0
Han Cheol Soo,Graceful Family,967,545,8.5,9.2,7.8,7.5,8.7
Han Cheol Soo,My Little Baby,6181,2688,7.0,7.3,5.7,4.8,6.7
"Han Cheol Soo, Kim Yong Min",Again My Life,991,508,6.3,7.4,6.7,4.4,6.1
Han Chul Kyung,TV Novel: A Sea of Her Own,58870,14170,2.0,2.0,1.0,1.0,2.0
Han Da Weon,Daily Moon's,52102,14864,8.2,8.5,7.5,6.8,7.5
Han Da Weon,Ordinary but Special,6438,6214,6.0,7.0,5.0,5.0,4.0
Han Dong Hwa,38 Task Force,1686,697,8.3,9.0,8.2,6.2,8.4
Han Dong Hwa,Bad Guys: City of Evil,3899,1626,7.9,8.3,8.4,6.5,8.0
Han Dong Hwa,Miss Lee,7178,5178,6.3,9.0,5.0,4.8,5.8
Han Dong Hwa,Navillera,64,243,8.9,9.4,8.9,8.7,9.0
Han Dong Hwa,Shadow Detective,2602,3458,8.6,9.4,8.4,8.4,8.6
Han Dong Hwa,Shadow Detective Season 2,2443,6915,7.5,8.2,6.0,4.5,7.2
"Han Hee, Kim Sung Wook","Good-bye, Mr. Black",5656,1325,6.7,7.7,6.6,4.5,6.8
"Han Hee, Yoon Sung Shik",Oasis,4053,1519,7.8,9.0,8.3,7.1,7.9
Han Hyun Hee,Imitation,2051,343,7.5,7.8,7.9,5.8,7.5
Han Jae Woon,Discipline,8610,3043,7.3,8.1,5.8,5.2,7.0
Han Jae Woon,Discipline Z: Vampire,9165,2730,6.4,5.7,7.3,3.5,5.8
Han Ji Seung,Mistress,1822,1811,8.8,8.5,8.3,5.7,8.3
Han Ji Seung,When the Weather Is Fine,1231,183,6.9,8.2,7.5,5.3,7.4
Han Ji Won,Amanza,769,2803,8.7,9.4,8.4,7.1,8.9
Han Joon Seo,"Beautiful Love, Wonderful Life",3137,1565,8.2,9.0,7.9,6.5,8.1
Han Jun Hee,D.P. Season 2,164,1084,8.0,9.5,8.8,6.8,8.4
Han Ka Ram,Bite Sisters,6014,2457,6.3,8.6,6.4,5.1,6.9
Han Sang Jae,A Poem a Day,2749,694,7.4,8.5,8.0,5.3,7.9
Han Sang Woo,Black Knight: The Man Who Guards Me,7413,989,4.7,6.0,8.1,3.0,5.1
Han Sang Woo,"My Lawyer, Mr. Jo 2: Crime and Punishment",51458,7997,5.5,6.8,6.2,5.2,6.8
Han Soo Ji,A-Teen,1798,486,8.2,8.8,9.3,8.3,8.7
Han Soo Ji,A-Teen Season 2,2232,888,7.9,8.7,8.6,6.7,8.2
Han Soo Ji,Between Friendship and Love,6205,4938,6.8,6.7,6.3,5.0,6.5
Han Soo Ji,Mimicus,4276,2830,8.9,8.6,8.2,7.8,8.8
Han Soo Ji,Office Watch,6897,9591,7.8,8.0,6.7,6.7,7.5
Han Soo Ji,Twenty-Twenty,2103,1063,8.8,8.8,8.9,8.3,8.8
Han Tae Seob,Cheer Up,5420,498,6.3,8.3,7.9,5.0,7.0
Han Woo Im,Behind Cut,8575,1006,4.5,7.0,6.4,3.0,5.8
Heo Chan,Summer Guys,5793,2694,8.1,7.1,7.0,5.0,7.9
Hong Chung Gi,Dok Go Bin Is Updating,5845,4687,6.8,7.3,6.2,4.5,7.0
Hong Chung Gi,Heartbeat Broadcasting Accident,5442,4546,6.6,7.5,5.6,5.6,6.9
Hong Chung Gi,Love in Black Hole,7803,4473,7.5,7.9,8.1,6.1,7.4
Hong Jong Chan,Dear My Friends,193,1083,9.6,10.0,9.2,7.5,9.6
Hong Jong Chan,Her Private Life,808,27,8.9,9.8,9.2,8.8,9.1
Hong Jong Chan,Juvenile Justice,380,424,8.4,9.5,9.0,6.6,8.6
Hong Jong Chan,"Link: Eat, Love, Kill",1710,303,6.6,8.7,6.7,4.6,6.8
Hong Jong Chan,Live Up to Your Name,1163,454,8.7,9.8,9.0,7.9,8.9
Hong Jong Chan,Loss Time Life,55809,8748,7.5,6.0,5.5,6.0,6.5
Hong Jong Chan,The Most Beautiful Goodbye,1485,3505,8.8,9.2,8.6,5.4,8.6
"Hong Jong Chan, Im Hyun Wook",Life,1897,683,9.2,9.8,8.2,8.0,9.3
Hong Seok Goo,Girls' Generation 1979,1601,1516,9.0,9.2,9.0,8.0,9.2
Hong Seok Goo,Homemade Love Story,3597,3130,8.1,9.3,8.6,6.7,8.9
Hong Seok Goo,My Only One,4721,2921,6.8,8.0,6.8,5.6,6.8
"Hong Seok Goo, Kim Jung Min",Ms. Perfect,6105,2953,6.9,7.7,6.3,4.9,7.2
"Hong Sung Chang, Lee Kwang Young",Entertainer,4029,671,7.9,8.4,8.7,6.6,7.9
Hong Won Gi,Goedam,9027,2117,7.0,7.4,6.8,6.2,6.6
"Hur Jin Ho, Park Hong Soo",Lost,557,1101,9.2,9.5,9.0,9.1,9.1
Hwang  Gyung Sung,Dalgona,7827,4970,6.2,6.7,7.3,4.7,6.8
Hwang  Gyung Sung,Her Bucket List,6896,3634,7.3,7.6,7.4,4.5,7.2
Hwang  Gyung Sung,I Am...,8158,4040,6.1,6.1,5.7,4.4,5.9
Hwang  Gyung Sung,Love in Time,7962,5095,8.0,8.5,8.0,6.5,8.0
Hwang  Gyung Sung,My Chilling Roommate,7847,7160,5.0,6.0,5.0,1.0,4.5
Hwang  Gyung Sung,The Blue Sea,8683,9899,7.0,7.0,8.0,7.5,7.5
Hwang  Gyung Sung,Today Office Tomorrow Romance,7688,7313,5.0,6.5,5.0,3.0,3.0
Hwang Da Seul,Blueming,1715,367,8.6,8.9,8.3,7.2,8.6
Hwang Da Seul,To My Star,1708,211,8.5,8.7,8.2,7.9,8.1
Hwang Da Seul,To My Star Season 2: Our Untold Stories,1408,595,7.0,9.1,7.8,5.3,7.6
Hwang Da Seul,Where Your Eyes Linger,2300,152,7.6,8.3,7.5,7.0,7.7
Hwang Dong Hyuk,Squid Game,548,24,5.8,8.0,6.9,4.6,6.4
Hwang Eui Kyung,Mad Dog,759,359,8.8,9.6,8.9,7.8,8.8
Hwang In Hyuk,Assembly,4927,5731,6.8,6.7,6.0,6.3,6.8
Hwang In Hyuk,Moonshine,3609,1065,7.0,8.6,7.0,4.6,7.4
Hwang In Hyuk,The Gentlemen of Wolgyesu Tailor Shop,2660,2949,8.2,9.0,7.5,5.8,8.2
Hwang In Roe,Late Night Restaurant,3327,3914,9.4,9.4,8.9,9.3,9.4
Hwang Joon Hyuk,Black Dog,1281,1717,8.5,9.3,8.0,5.9,8.2
"Hwang Seung Gi, Choi Yeon Soo",Into the Ring,1278,776,9.3,9.6,7.9,7.7,9.0
Im Dae Woong,Search,1373,784,7.5,8.9,7.5,6.0,8.0
Im Hyun Wook,People You May Know,6402,4106,8.5,8.7,8.3,7.7,8.6
Im Hyun Wook,Reflection of You,5896,1945,7.5,9.3,8.5,6.1,7.8
"Im Hyun Wook, Choi Sun Min",King the Land,605,237,6.6,8.8,8.2,6.0,7.7
Im Ji Eun,IN-SEOUL,4493,3720,6.9,7.9,6.8,4.1,7.0
Im Ji Eun,IN-SEOUL Season 2,3273,4810,8.5,8.8,6.8,8.0,8.3
Im Jin Kang,Find Me if You Can,3914,4618,9.1,8.9,8.0,8.2,9.1
Im Se Joon,The Master of Revenge,5687,3966,7.2,8.8,7.0,2.7,7.3
Im Tae Woo,I Have Not Done My Best Yet,4167,2798,7.4,8.1,8.1,7.0,7.5
"Im Tae Woo, Jo Yong Won",Sketch,3497,1741,8.0,8.6,7.8,6.4,7.7
Jang Eui Soon,Unintentional Love Story,3286,778,8.4,8.9,8.5,8.3,8.8
Jang Joon Ho,The Game: Towards Zero,3052,958,6.6,7.8,7.4,4.8,6.6
Jang Joon Ho,Time,3777,1342,6.7,7.9,6.7,4.3,6.5
"Jang Joon Ho, Oh Hyun Chang",Iron Lady Cha,58155,14841,2.0,2.5,1.0,1.0,2.0
"Jang Joon Ho, Oh Kyung Hoon","Bad Thief, Good Thief",4768,2254,9.0,9.5,9.4,6.9,9.1
"Jang Joon Ho, Oh Kyung Hoon",Mom,48334,9706,4.0,4.5,1.0,1.0,4.0
"Jang Jung Do, Lee Jung Mook",Family: The Unbreakable Bond,4769,1361,5.1,7.7,6.7,3.2,5.9
"Jang Jung Do, So Jae Hyun",Dear My Room,3988,3039,8.3,8.9,7.6,7.2,8.3
Jang Kun Jae,Monstrous,5267,1423,6.3,8.0,7.2,5.0,7.0
Jang Tae Yoo,Genesis,48991,4122,7.8,8.2,7.8,7.2,7.0
Jang Tae Yoo,Hyena,1230,743,8.8,9.4,8.3,8.2,8.9
"Jang Tae Yoo, Nam Tae Jin",Lovers of the Red Sky,1413,372,6.5,7.0,7.2,5.1,6.2
Jang Yong Woo,D-Day,1077,568,9.2,9.8,9.0,8.4,9.4
Jang Young Woo,Bulgasal: Immortal Souls,1149,515,6.7,8.3,8.2,5.0,7.1
Jang Young Woo,Entourage,8888,1332,7.6,8.7,8.2,6.1,7.9
Jason Kim,Bloodhounds,261,444,7.2,9.0,7.4,5.8,7.8
Jeon Woo Sung,Bargain,6747,3602,8.0,9.2,6.2,5.6,7.0
Jeon Woo Sung,The Promise,4268,3441,8.5,8.8,7.8,3.0,8.5
"Jeon Woo Sung, Im Se Joon",Your House Helper,2984,1316,8.1,8.0,7.0,6.2,8.0
Jeong Dae Yun,I'm Not a Robot,718,20,8.9,9.5,8.5,8.8,9.2
Jeong Dae Yun,Reborn Rich,398,275,4.4,8.0,7.0,2.5,4.7
Jeong Dae Yun,She Was Pretty,1933,32,7.6,8.6,7.9,6.0,7.8
Jeong Dae Yun,W,511,6,6.7,7.5,7.3,5.1,6.9
Ji Byung Hyun,House of Bluebird,6037,3939,5.2,7.2,7.8,5.0,5.8
"Ji Byung Hyun, Goo Sung Joon","Meow, the Secret Boy",4884,371,6.9,8.5,8.7,6.0,7.3
"Ji Byung Hyun, Kang Min Kyung",Lovely Horribly,7867,960,5.9,6.4,6.5,3.6,6.0
Ji Young Soo,Falling for Innocence,1529,285,8.5,9.3,8.0,7.4,8.6
Ji Young Soo,High-end Crush,3805,535,8.3,9.0,7.6,7.5,8.7
Ji Young Soo,Room No. 9,3404,1990,8.8,9.1,6.3,7.6,8.4
"Ji Young Soo, Seong Do Joon",Uncle,1554,3101,7.5,8.6,7.4,6.2,7.7
Jin Chang Gyu,Bad Papa,4247,3398,7.2,8.4,6.5,4.0,7.2
Jin Chang Gyu,CHIP-IN,3155,3243,6.4,8.2,6.6,5.2,6.9
Jin Chang Gyu,Military Prosecutor Doberman,755,605,8.7,9.1,7.7,6.9,8.2
Jin Hyeok,Sisyphus: The Myth,3488,353,8.5,9.2,8.5,7.4,8.3
Jin Hyeok,The Legend of the Blue Sea,792,18,7.6,8.7,6.9,5.8,7.5
Jin Hyung Wook,Born Again,6812,916,9.0,9.5,9.2,7.0,9.0
Jin Hyung Wook,Red Balloon,6370,3648,6.0,7.2,6.8,4.2,5.8
Jin Hyung Wook,The Secret of My Love,55532,9287,4.2,5.5,2.8,1.0,2.2
"Jin Hyung Wook, Lee Hyun Suk",Liver or Die,4859,3936,6.6,7.9,6.7,4.5,6.8
Jo Chang Wan,Fluttering Warning,8659,2097,5.4,7.1,6.0,3.1,5.4
Jo Hyun Taek,Mirror of the Witch,4274,627,7.8,8.9,9.0,5.7,7.7
Jo Hyun Taek,SKY Castle,116,108,8.8,9.7,9.1,7.5,9.0
Jo Hyun Taek,Snowdrop,628,144,7.9,9.2,9.4,6.1,8.2
Jo Nam Gook,Fantastic,4701,1797,7.6,8.8,7.0,5.6,7.8
Jo Nam Gook,The Good Detective,802,843,7.8,8.8,7.4,6.0,7.9
Jo Nam Gook,The Good Detective Season 2,1685,2270,7.6,9.3,6.8,5.9,7.8
Jo Nam Gook,Untouchable,6594,3086,6.0,7.8,5.0,3.0,4.8
"Jo Nam Gook, Kim Sang Ho",Last,2416,2878,8.8,9.4,5.6,5.4,8.6
Jo Nam Hyung,A Superior Day,8314,2756,4.3,6.6,5.4,3.3,4.7
Jo Soo Won,Doctor John,495,282,7.4,8.8,7.3,5.8,7.5
Jo Soo Won,Go Ho's Starry Night,1480,500,7.2,8.3,7.3,5.5,6.4
Jo Soo Won,The Time We Were Not in Love,5880,670,7.2,7.4,5.9,4.0,6.7
Jo Soo Won,Thirty But Seventeen,543,102,8.9,8.8,8.8,7.9,8.8
Jo Soo Won,Today's Webtoon,2468,616,6.2,8.2,6.8,4.0,6.6
"Jo Soo Won, Lee Soo Hyun",Awaken,1092,800,9.8,9.8,9.0,9.0,9.7
Jo Woong,Justice,3485,2382,8.2,8.8,8.2,6.8,8.1
Jo Woong,Love All Play,693,430,7.8,8.8,8.2,6.2,8.1
Jo Yong Ik,Hope or Dope,2748,2064,8.2,8.4,8.1,7.4,7.9
Jo Yong Ik,Hope or Dope 2,2477,3553,8.8,9.6,7.0,6.1,8.5
Jo Young Kwang,Racket Boys,178,461,8.4,9.2,7.8,7.8,8.8
"Jo Young Kwang, Jung Dong Yoon",Defendant,210,380,8.0,9.6,8.2,6.5,8.4
"Jo Young Kwang, Jung Dong Yoon",Heart Surgeons,2204,2859,7.4,7.9,7.1,5.8,7.3
"Jo Young Kwang, Park Shin Woo","Hyde, Jekyll, Me",5881,308,6.2,7.3,6.1,5.0,6.4
Jo Young Min,Do You Like Brahms?,1815,409,7.3,8.8,9.2,5.8,7.8
Jo Young Min,Everything and Nothing,4085,2089,8.9,9.4,7.9,7.7,8.8
Jo Young Min,The Interest of Love,8348,1024,4.9,7.4,8.0,2.9,4.8
Joo Dong Min,Return,3310,2710,8.3,8.6,7.6,6.3,8.2
Joo Dong Min,The Family Is Coming,7995,4289,7.8,8.2,6.0,6.0,8.0
Joo Dong Min,The Last Empress,2012,474,6.9,8.5,7.5,4.9,7.0
Joo Dong Min,The Penthouse Season 2: War in Life,219,324,8.9,9.9,9.5,8.0,9.2
Joo Dong Min,The Penthouse Season 3: War in Life,1799,525,5.1,9.5,7.4,4.1,6.0
Joo Dong Min,The Penthouse: War in Life,190,162,7.5,8.3,7.3,5.3,7.5
Joo Sung Min,Oh! My Assistant,8460,1047,5.0,6.1,6.0,4.0,5.6
Joo Sung Woo,Man in the Kitchen,7370,4334,5.0,6.0,5.0,3.0,5.0
Joo Sung Woo,Monster,6389,2169,6.0,7.5,6.0,2.0,6.0
Jun Chang Geun,Artificial City,7610,3915,5.9,7.5,6.2,3.2,5.9
Jun Chang Geun,Mystic Pop-Up Bar,436,170,9.0,9.2,8.8,8.4,8.9
Jung Dong Yoon,Fates & Furies,5869,2621,8.8,9.3,7.8,7.9,8.8
Jung Dong Yoon,Hot Stove League,254,542,9.2,9.6,8.1,8.4,9.2
"Jung Hoon, Park Sang Woo",The Forbidden Marriage,780,698,7.4,8.1,7.5,6.1,7.2
Jung Hun Soo,Twelve Nights,6539,2492,7.3,8.1,7.5,5.6,7.1
Jung Hyo,Bravo My Life,5901,7614,6.9,7.2,6.5,4.7,6.5
Jung Hyo,Witch's Castle,59245,9382,1.5,1.5,1.0,1.0,1.5
Jung Ji Hyun,Lies Hidden in My Garden,3381,1843,7.5,8.9,8.2,5.9,7.7
"Jung Ji Hyun, Joo Sang Kyu",You Are My Spring,1884,630,6.9,8.7,7.8,5.6,6.7
"Jung Ji Hyun, Kim Seung Ho",Twenty-Five Twenty-One,122,79,9.0,10.0,9.5,7.9,9.3
"Jung Ji Hyun, Kwon Young Il",Search: WWW,785,125,7.5,8.3,8.6,5.9,7.8
"Jung Ji In, Song Yeon Hwa",The Red Sleeve,119,281,8.9,9.4,8.6,7.9,9.1
Jung Ji Woo,Somebody,8353,891,5.5,9.3,6.5,3.4,6.0
Jung Jung Hwa,Choco Bank,7819,1344,6.5,6.9,5.5,4.5,6.5
Jung Jung Hwa,My Absolute Boyfriend,6534,522,6.5,7.8,7.5,5.6,6.8
Jung Jung Hwa,The Best Moment To Quit Your Job,4652,4794,7.8,8.9,7.1,5.6,7.6
Jung Jung Hwa,Woo Ri the Virgin,9060,902,2.0,4.0,3.8,1.0,1.9
"Jung Jung Hwa, Kim Bo Kyung",The Wind Blows,2873,3872,8.8,9.4,8.3,7.0,8.9
Jung Sang Hee,"Fanletter, Please",1239,1414,8.8,9.1,8.2,8.2,8.7
Jung Sung Bin,Scene Number Paran,56347,99999,8.0,8.0,6.0,7.5,8.0
Jung Sung Bin,The Witch Store Reopening,6790,5299,5.5,4.2,5.4,4.6,5.4
Kang Cheol Woo,Cheo Yong Season 2,2586,3878,7.5,8.0,8.2,5.5,7.7
Kang Cheol Woo,My Secret Romance,4639,64,5.6,6.8,6.2,3.9,5.9
Kang Cheol Woo,Rugal,5160,775,6.0,8.0,6.5,4.8,6.7
Kang Cheol Woo,So I Married an Anti-Fan,2233,185,6.8,7.8,7.2,5.6,7.2
Kang Cheol Woo,Something About 1 Percent,1342,204,8.6,9.3,8.5,8.5,9.0
Kang Dae Sun,"Sweet, Savage Family",7123,4165,6.8,7.5,5.2,4.5,6.8
Kang Dong Hee,One Fine Week,2361,1485,7.5,8.2,7.1,6.5,8.0
Kang Dong Hee,One Fine Week Season 2,3394,2667,6.5,8.0,7.7,5.5,7.4
Kang Ho Jun,Queen of Masks,6516,5979,7.0,7.4,6.7,5.3,6.8
Kang Hyo Jin,Team Bulldog: Off-duty Investigation,919,1671,9.2,9.5,8.3,7.9,9.2
"Kang Il Soo, Han Hyun Hee",Rookie Historian Goo Hae Ryung,1109,194,8.6,9.0,8.5,8.1,8.8
"Kang Il Soo, Han Hyun Hee",Solomon's Perjury,1345,944,8.7,8.8,8.4,7.4,8.5
"Kang In, Lee Dong Hyun",Tempted,4677,103,5.4,7.0,6.0,3.1,5.7
Kang Min Gu,Good Job,2540,1073,7.0,8.1,7.5,5.8,7.5
Kang Min Gu,May It Please the Court,1116,2159,9.3,9.8,8.6,8.4,9.3
Kang Min Gu,Pumpkin Time,4513,4129,7.8,8.5,8.0,5.8,7.5
Kang Min Gu,The Goddess of Revenge,4161,2907,7.0,7.8,6.0,5.2,6.7
"Kang Min Gu, Kim Seong Yoon",Itaewon Class,595,19,6.5,8.0,7.3,4.9,6.7
Kang Min Kyung,New Love Playlist,5067,4789,7.0,8.1,7.4,4.8,6.2
"Kang Min Kyung, Cha Young Hoon",When the Camellia Blooms,582,133,8.4,8.8,8.5,7.1,8.3
Kang Shin Hyo,Children of a Lesser God,2085,2170,7.5,8.0,6.9,5.2,7.2
"Kang Shin Hyo, Jo Nam Hyung",Tale of the Nine-Tailed,833,53,7.8,8.6,8.3,7.0,7.8
"Kang Shin Hyo, Jo Nam Hyung",Tale of the Nine-Tailed 1938,101,546,8.2,9.3,7.9,8.4,8.8
"Kang Sol, Park Dae Hee",Delivery Man,2881,1486,7.6,7.1,5.9,4.6,6.9
"Kang Sol, Park Dae Hee",Show Window: The Queen's House,4579,3510,7.5,8.7,7.9,4.6,7.4
"Kang Soo Yeon, Lee Woong Hee",My Perfect Stranger,310,981,9.0,9.2,7.8,6.7,8.8
Kang Woo,Long Time No See,4199,266,7.6,8.8,7.2,6.9,7.7
"Kang Yoon Sung, Nam Ki Hoon",Big Bet,5129,3530,8.2,10.0,8.3,6.5,8.2
Kim Bo Ra,Fall for You,2136,4272,9.4,9.2,8.2,8.8,9.6
Kim Bo Tong,The King of the Desert,7005,7595,8.2,9.2,6.8,4.7,8.2
Kim Bong Joo,Dark Hole,4175,1147,7.1,8.5,7.5,6.2,7.5
Kim Byung Soo,Bubblegum,7163,996,7.1,8.8,7.1,5.7,6.9
Kim Byung Soo,He Is Psychometric,883,68,8.3,9.2,8.0,6.1,8.2
Kim Byung Soo,Scripting Your Destiny,2627,1426,8.2,8.5,8.3,7.7,8.1
Kim Byung Soo,The Bride of Habaek,6366,61,6.5,7.2,8.1,4.9,6.9
"Kim Byung Soo, Kim Jung Wook",Rookie Cops,925,504,8.2,8.8,8.4,7.6,8.5
Kim Chil Bong,Numbers,2685,1546,7.2,8.6,6.6,6.5,7.4
Kim Chil Bong,Second Husband,4758,3452,5.5,6.8,5.7,3.5,5.6
Kim Chul Gyu,Celebrity,826,547,7.4,8.2,8.0,5.9,7.5
Kim Chul Gyu,Chicago Typewriter,251,126,8.9,9.3,9.5,8.2,9.2
Kim Chul Gyu,On the Way to the Airport,3560,1714,7.9,8.9,8.6,7.0,7.9
"Kim Chul Gyu, Kim Sang Woo",My Beautiful Bride,2542,1538,8.8,8.9,8.9,7.1,8.7
"Kim Chul Gyu, Yoon Hyun Gi",Confession,903,1187,9.0,9.1,7.8,8.0,8.9
"Kim Chul Gyu, Yoon Hyun Gi",Mother,49,349,9.6,10.0,8.9,8.3,9.6
"Kim Chul Gyu, Yoon Jong Ho",Flower of Evil,19,28,8.7,9.8,9.4,7.3,8.8
"Kim Da Ye, Kim Bo Kyung",Salon De Nabi,1177,2362,9.0,9.2,8.9,8.7,9.0
Kim Dae Jin,Golden Pouch,4750,5224,6.9,8.5,6.6,5.4,7.6
Kim Dae Jin,The King of Pigs,231,1197,9.3,9.7,9.1,8.4,9.5
"Kim Dae Jin, Kim Jung Wook",Doctor Cha,1709,765,5.2,8.0,6.0,4.1,5.5
"Kim Dae Jin, Lee Dong Hyun",Less Than Evil,2281,2772,7.5,8.4,7.2,5.9,7.8
Kim Do Hoon,Chimera,1595,1661,8.6,8.8,7.3,7.3,8.2
Kim Do Hyung,Somehow 18,1417,844,8.9,9.2,7.1,8.4,8.9
Kim Do Hyung,Was It Love?,6690,696,3.8,6.6,6.7,2.4,5.0
Kim Do Won,Magic School,8026,3096,6.8,8.0,6.8,4.2,7.0
Kim Dong Hwi,The Merchant: Gaekju 2015,7555,5176,5.5,6.2,5.2,5.5,5.8
"Kim Dong Hwi, Lee Hyun Jin, Kang Soo Yeon",The Tale of Nokdu,849,138,6.4,8.6,7.3,5.4,6.9
Kim Dong Hyun,Romance Blue,7409,5676,2.0,4.0,3.8,1.0,2.5
"Kim Eun Kyung, Oh Hwan Min",Oh! Youngsim,8020,2632,6.1,6.5,5.8,5.1,5.5
Kim Ga Ram,Devilish Joy,2621,446,7.2,8.9,7.7,6.9,8.1
Kim Ga Ram,Flower Crew: Joseon Marriage Agency,3188,785,8.2,8.8,7.5,6.9,8.0
"Kim Ga Ram, Jang Ji Yeon","Nevertheless,",5953,89,4.4,8.0,8.5,2.9,5.3
"Kim Ga Ram, Lee Seung Hoon",Vampire Detective,5747,913,6.3,8.3,6.2,5.4,7.0
Kim Gun Woo,I  Can See Your MBTI,8764,4198,6.7,7.3,5.5,5.0,6.3
Kim Hee Won,Little Women,425,212,7.7,8.8,8.2,6.2,7.7
Kim Hee Won,Money Flower,1430,1097,9.3,9.8,9.4,8.0,9.5
Kim Hee Won,Soundtrack #1,790,290,7.8,8.4,8.5,7.5,8.0
Kim Hee Won,The Crowned Clown,708,412,9.0,9.8,9.3,8.1,9.1
Kim Hee Won,Vincenzo,62,17,6.1,8.2,7.1,3.5,6.2
Kim Heung Dong,Enemies from the Past,4761,7589,5.8,6.8,4.2,3.2,5.0
Kim Heung Dong,Good People,54775,13917,3.8,3.0,1.5,1.0,3.5
"Kim Heung Dong, Kim Chil Bong",Everybody Say Kungdari,58800,15089,8.5,10.0,8.0,5.0,8.5
Kim Hong Seon,Decoy: Part 1,2483,3470,9.2,9.3,7.8,7.7,9.2
Kim Hong Seon,Decoy: Part 2,3220,5905,8.0,8.0,1.0,1.0,8.0
Kim Hong Seon,L.U.C.A.: The Beginning,6638,1023,6.1,8.2,8.5,3.6,6.4
Kim Hong Seon,Money Heist: Korea - Joint Economic Area - Part 1,997,423,7.7,8.5,6.8,6.2,7.4
Kim Hong Seon,Money Heist: Korea - Joint Economic Area - Part 2,393,1138,8.1,8.8,7.5,6.0,8.4
Kim Hong Seon,Pied Piper,2267,2633,7.8,8.0,7.1,5.7,8.0
Kim Hong Seon,The Guest,205,317,8.7,9.0,9.0,7.5,8.8
Kim Hong Seon,Voice,492,276,7.6,8.1,7.4,6.1,7.9
"Kim Hong Seon, Go Jae Hyun",Black,1823,151,8.2,8.3,8.6,6.8,8.0
Kim Hye Young,Be Melodramatic,668,334,8.0,8.8,8.0,7.2,7.9
Kim Hyoung Seok,My Golden Life,2506,1199,7.3,8.6,7.5,4.9,7.8
"Kim Hyoung Seok, Lee Na Jung",Oh My Venus,1138,46,6.9,9.0,7.7,6.5,7.5
Kim Hyun Soo,Broke Rookie Star,6574,5611,8.0,7.0,8.0,4.0,7.0
Kim Hyung Il,Brilliant Heritage,5955,7996,5.7,5.3,4.7,3.7,5.3
Kim Hyung Il,"The King of Tears, Lee Bang Won",45954,6211,5.0,8.0,1.0,1.0,4.8
Kim Hyung Min,Love Scene Number,5586,2674,8.2,8.4,6.3,6.2,7.9
Kim Hyung Shik,About Time,5730,399,6.6,7.6,6.8,4.1,6.4
Kim Hyung Shik,Twenty Again,1932,637,8.7,8.5,8.3,7.2,8.7
Kim Hyung Shik,Under the Queen's Umbrella,40,489,8.9,9.8,9.2,8.4,9.2
"Kim Jae Hong, Park Bo Ram",Through the Darkness,171,772,7.2,8.8,6.9,5.5,7.2
Kim Jae Hyun,One Dollar Lawyer,497,873,8.2,8.9,8.2,6.8,8.2
Kim Jang Han,You Raise Me Up,3380,1419,7.6,8.8,8.3,7.0,7.9
Kim Jee Woon,Dr. Brain,2458,2068,7.9,9.2,8.2,7.7,8.4
Kim Jeong Han,88 Street,56751,11471,9.5,9.5,8.5,9.0,9.5
Kim Jho Kwang Soo,The New Employee,6343,818,7.2,8.2,7.3,6.5,7.7
Kim Ji Hyun,The Universe’s Star,2262,799,8.3,8.5,8.5,6.3,8.6
"Kim Ji Hyun, Lee Jae Jin",Sisters-in-Law,4607,6021,5.0,5.5,4.0,3.0,5.0
Kim Jin Man,Rebel: Thief Who Stole the People,410,803,8.5,9.5,9.5,7.0,8.9
"Kim Jin Man, Kim Dae Jin","Kill Me, Heal Me",232,29,8.5,9.0,8.8,8.0,8.7
Kim Jin Min,Extracurricular,682,96,7.6,8.7,7.3,6.0,7.7
Kim Jin Min,Lawless Lawyer,1086,139,7.3,8.7,6.9,6.5,7.8
Kim Jin Min,Marriage Contract,1999,544,8.2,9.5,8.4,7.8,8.6
Kim Jin Min,My Name,243,78,7.4,8.5,8.0,5.8,7.7
Kim Jin Min,The Liar and His Lover,5790,238,7.2,8.0,8.7,5.0,7.4
Kim Jin Sung,All That We Loved,3866,2030,7.1,8.6,7.9,7.1,7.3
Kim Jin Won,Just Between Lovers,439,71,8.9,9.5,9.2,8.2,9.1
Kim Jin Won,My Country: The New Age,730,558,8.7,9.6,9.0,7.8,9.0
"Kim Jin Won, Jun Chang Geun",The Package,1781,789,9.3,9.2,8.6,8.9,9.4
"Kim Jin Won, No Sang Hoon",Hello Monster,700,127,8.9,9.0,8.4,8.6,9.0
"Kim Jin Woo, Kwon Young Il",Suits,1633,573,8.2,8.9,7.0,6.4,7.9
"Kim Jin Woo, Lee Na Jung, Park Yoo Young",Love Alarm Season 2,9210,186,4.9,7.0,6.2,2.8,4.9
"Kim Jin Woo, Park Yoo Young",A Model Family,5614,2567,8.5,9.6,8.1,6.2,7.9
"Kim Jin Woo, Yoo Young Eun",Queen of Mystery,1311,1207,8.9,9.4,8.5,7.8,9.0
Kim Jin Yeol,All the Liquors,7436,1232,6.0,7.1,6.6,4.2,6.2
Kim Jin Yeol,Individual Circumstances,7893,1220,5.5,6.5,6.3,4.4,5.9
Kim Jong Chang,Mother of Mine,3549,3527,7.4,7.8,7.8,4.8,7.2
Kim Jong Hyeok,God's Quiz: Reboot,898,3258,9.0,9.2,7.5,8.0,8.8
Kim Jong Hyun,Priest,2466,2010,7.4,8.1,7.2,5.9,7.6
Kim Joon Mo,A DeadbEAT's Meal,45879,8452,9.0,10.0,8.0,9.5,9.0
Kim Joon Mo,Flat,4258,7352,8.9,8.9,8.0,8.1,8.9
Kim Joon Mo,XX,1201,880,8.8,9.2,8.8,7.1,9.0
"Kim Joon Mo, Wang Hye Ryung, Kang Min Kyung, Im Jung Seop",Let Me Off the Earth,5153,3435,8.1,8.7,8.8,6.7,8.1
Kim Jung Gyu,Be My Dream Family,1857,5386,7.9,8.4,6.1,6.8,7.6
Kim Jung Gyu,Five Enough,955,1376,8.8,9.2,8.1,7.9,8.8
Kim Jung Ho,Secrets and Lies,58939,9884,4.6,5.6,4.6,3.5,4.8
Kim Jung Hoon,Desperate Mr. X,48231,7674,7.5,7.5,1.0,4.5,7.5
Kim Jung Hyun,"At a Distance, Spring Is Green",881,293,6.9,8.2,8.3,5.9,7.5
Kim Jung Hyun,Crazy Love,1153,333,9.4,9.7,9.2,9.1,9.6
Kim Jung Hyun,Legal High,4444,2529,6.7,7.5,5.9,5.1,6.3
Kim Jung Hyun,My Fellow Citizens!,4295,1194,8.2,9.2,8.5,6.4,8.3
Kim Jung Hyun,The Fabulous,4446,614,7.9,8.7,8.5,7.5,8.2
"Kim Jung Hyun, Kang Soo Yeon",Jugglers,3687,726,6.2,7.5,6.8,5.3,6.5
"Kim Jung Hyun, Yoo In Shik",Mrs. Cop Season 2,5933,3683,8.5,9.5,7.0,7.0,8.5
Kim Jung Kwon,"I Hate You, Juliet!",7035,2598,6.4,7.8,6.4,5.3,6.8
Kim Jung Kwon,Lie After Lie,820,1183,8.9,9.3,8.2,8.2,9.0
Kim Jung Kwon,Love to Hate You,376,280,8.3,8.7,7.2,7.7,8.4
Kim Jung Min,Grand Prince,3001,1644,6.8,7.7,7.5,5.2,6.7
Kim Jung Min,Hidden Identity,4066,1987,8.5,9.6,8.4,8.4,8.9
Kim Jung Min,Love Affairs in the Afternoon,2427,1619,8.5,9.0,8.5,7.8,8.6
Kim Jung Min,Love Is Drop by Drop,6139,6834,4.5,5.0,3.0,2.0,4.5
Kim Jung Min,Queen: Love and War,2515,1494,8.0,8.4,8.5,6.4,8.0
Kim Jung Min,Remarriage and Desires,1728,1003,7.4,8.5,8.8,5.0,7.5
Kim Jung Min,Secret Royal Inspector,1773,1102,7.5,8.1,7.7,6.5,7.7
Kim Jung Min,Sweet Stranger and Me,6243,648,6.8,7.8,6.6,4.6,6.4
Kim Jung Min,The Secret Romantic Guesthouse,1308,1285,8.7,8.9,7.8,6.9,8.5
Kim Jung Shik,"Work Later, Drink Now",561,825,9.2,9.4,8.4,8.4,9.3
"Kim Keun Hong, Park Sang Hoon",Make a Woman Cry,4872,6385,6.1,7.4,5.6,4.0,6.9
"Kim Keun Hong, Shim So Yeon",Welcome 2 Life,1025,1270,8.9,9.5,8.2,8.4,8.9
Kim Kyu Tae,Moon Lovers: Scarlet Heart Ryeo,223,16,7.4,9.0,8.5,6.8,7.9
"Kim Kyu Tae, Lee Jung Mook",Our Blues,221,331,9.8,9.9,9.3,9.2,9.7
"Kim Kyu Tae, Myung Hyun Woo",Live,279,574,9.7,9.7,9.2,8.9,9.6
Kim Kyung Hee,365: Repeat the Year,413,480,8.4,9.0,7.2,6.2,8.5
Kim Kyung Hee,Lucky Romance,3652,400,8.0,9.0,7.6,6.9,8.3
Kim Mi Sook,Bad Love,52842,9463,7.0,7.8,5.2,5.2,7.0
"Kim Min Kyung, Goo Sung Joon",Do Do Sol Sol La La Sol,4200,256,5.8,9.0,8.5,4.4,6.7
"Kim Min Shik, Lee Dae Young",Flower of the Queen,6954,4493,4.0,4.5,1.0,1.0,4.0
"Kim Min Shik, Noh Young Sub",Goodbye to Goodbye,2370,2294,7.7,8.1,6.6,6.0,7.6
Kim Min Tae,School 2021,2375,628,7.3,8.0,8.3,5.4,7.5
"Kim Min Tae, Kim Hyoung Seok","Cheat On Me, if You Can",2929,1314,7.3,9.1,8.2,6.4,7.9
"Kim Min Tae, Kim Young Gyoon",Witch's Court,1796,809,6.3,8.2,7.1,5.1,6.8
Kim Moon Kyo,Trolley,3994,2599,8.0,8.7,7.2,5.8,7.5
Kim Myung Wook,Left-Handed Wife,7239,4917,6.6,6.3,4.8,3.7,6.0
Kim Myung Wook,"Sweet Home, Sweet Honey",8416,6822,7.3,7.0,5.5,4.4,6.5
Kim Myung Wook,Unknown Woman,6424,6682,5.2,6.8,4.2,3.1,5.5
Kim No Won,The Road: The Tragedy of One,6756,4067,6.9,8.6,7.9,3.5,6.6
Kim Pyung Joong,A Bird That Doesn't Sing,51955,9461,6.5,6.8,3.5,4.2,6.2
Kim Sang Ho,Money Game,2703,3740,8.0,9.0,8.4,7.4,8.7
Kim Sang Ho,Thirty-Nine,1407,464,7.6,8.7,7.0,5.9,7.9
"Kim Sang Ho, Choi Jung Gyu",Splendid Politics,4965,3091,6.9,7.4,7.1,4.7,7.2
"Kim Sang Ho, Lee Chang Min",Man to Man,3371,376,6.9,8.6,6.9,5.8,7.3
"Kim Sang Ho, Park Seung Woo",Spring Turns to Spring,2277,2865,7.8,9.3,7.4,6.9,8.2
Kim Sang Hwi,Perfume,3076,761,7.5,8.8,7.3,6.8,7.7
"Kim Sang Hwi, Kim Young Jo",The Jingbirok: A Memoir of Imjin War,48287,10218,9.8,9.2,8.8,8.8,10.0
Kim Sang Hyub,Melancholia,3816,755,8.9,9.6,9.2,7.7,9.2
Kim Sang Hyub,True Beauty,942,23,6.0,7.8,7.6,4.2,6.6
"Kim Sang Hyub, Kim Hee Won",Glamorous Temptation,7617,3231,6.0,7.9,5.7,2.8,6.1
"Kim Sang Hyub, Kim Sang Woo",Extraordinary You,750,30,7.0,8.5,7.8,5.4,7.5
"Kim Sang Hyub, Kim Sang Woo",The King in Love,3071,1022,8.7,9.0,9.3,8.3,9.0
Kim Sang Woo,Govengers,4997,6671,9.2,9.5,8.2,9.5,9.2
Kim Sang Woo,Level Up,6827,1556,6.9,7.5,6.0,4.2,6.8
Kim Sang Woo,Live On,1536,533,6.7,8.0,7.6,5.9,7.1
Kim Seok Yoon,Awl,3410,3958,6.6,7.4,5.6,5.8,7.1
Kim Seok Yoon,Law School,329,198,7.8,9.0,8.5,7.3,8.2
Kim Seok Yoon,My Liberation Notes,317,306,8.8,9.5,8.8,7.6,8.6
Kim Seok Yoon,My Wife’s Having an Affair This Week,2831,1354,8.3,9.5,8.5,7.0,8.7
Kim Seok Yoon,The Light in Your Eyes,1434,457,8.5,8.6,7.8,6.2,8.3
Kim Seong Yoon,The Sound of Magic,1019,192,8.5,9.2,8.8,7.0,8.7
Kim Seung Woo,Starting Point of Dating,55508,8016,6.0,6.0,6.0,5.0,6.0
Kim Shin Il,Fatal Promise,54290,7221,6.7,7.5,6.0,4.3,6.3
Kim Shin Il,TV Novel: That Sun in the Sky,51032,15604,6.0,6.0,5.8,1.0,6.0
"Kim Shin Il, Jeon Woo Sung",Strongest Deliveryman,2923,437,7.6,8.6,7.8,6.5,7.6
Kim Soo Jung,Semantic Error,1241,148,8.5,9.1,8.8,9.4,9.2
"Kim Soo Jung, Joo Sung Min",Dear My Name,3569,2505,8.3,8.5,6.9,7.3,8.1
Kim Sung Deok,Girls' Love Story,52369,8459,4.8,6.2,5.0,5.2,5.5
Kim Sung Geun,It's Beautiful Now,2334,1753,8.5,8.9,8.0,7.5,8.4
Kim Sung Ho,Bad Prosecutor,1234,1064,6.8,8.9,8.0,5.4,7.2
Kim Sung Ho,Move to Heaven,9,86,9.6,9.8,9.2,8.5,9.7
Kim Sung Hoon,Kingdom,146,113,8.2,8.4,7.4,7.6,8.1
"Kim Sung Hoon, Park In Je",Kingdom Season 2,80,252,9.2,9.3,7.9,7.9,8.9
Kim Sung Soo,Save Me,473,117,8.5,9.2,7.8,6.5,8.6
Kim Sung Wook,Item,6248,1692,5.8,6.9,5.2,3.9,5.8
"Kim Sung Wook, Lee Dae Young","Father, I’ll Take Care of You",4833,2331,7.5,7.6,6.2,3.9,6.8
Kim Sung Yong,My Healing Love,5224,5709,5.5,6.5,4.5,4.5,5.7
Kim Sung Yong,The Veil,821,851,8.0,8.8,8.5,6.8,8.2
"Kim Sung Yong, Jung Ji In",Let's Hold Hands Tightly and Watch The Sunset,8734,6805,2.0,2.0,1.0,1.0,2.0
Kim Tae Eun,The Lover,5486,527,8.5,9.0,7.7,8.0,8.7
Kim Tae Wook,Freshman,6819,4229,7.3,9.7,7.0,8.8,8.2
Kim Tae Wook,Kiss Goblin,2514,686,8.6,8.2,8.1,7.5,8.5
Kim Tae Wook,We're Not Trash,43276,10104,9.2,9.5,7.9,8.8,9.2
"Kim Tae Yoon, Sung Chi Wook",Tomorrow,95,98,8.4,9.0,8.5,7.5,8.6
Kim Won Suk,Arthdal Chronicles Part 1: The Children of Prophecy,466,315,8.5,9.5,8.4,7.5,8.5
Kim Won Suk,"Arthdal Chronicles Part 2: The Sky Turning Inside Out, Rising Land",201,514,9.2,9.7,8.8,8.6,9.2
Kim Won Suk,Arthdal Chronicles Part 3: The Prelude to All Legends,196,604,9.2,9.7,8.2,7.8,8.5
Kim Won Suk,Signal,67,84,8.2,9.2,8.5,7.4,8.5
"Kim Won Suk, Kim Sang Woo",My Mister,33,106,9.8,10.0,10.0,9.5,9.7
Kim Won Yong,A Place in the Sun,6662,4936,8.0,8.0,5.8,6.3,7.7
Kim Won Yong,All is Well,8144,7194,3.5,4.0,1.0,1.0,3.5
Kim Won Yong,Love Twist,54026,7296,3.4,4.5,3.1,2.9,3.4
Kim Yang Hee,"Noble, My Love",5090,310,6.7,7.5,6.4,6.5,7.4
"Kim Yong Bum, An Joon Young","Persevere, Goo Hae Ra",7009,1746,6.9,7.5,8.4,5.0,6.9
Kim Yong Min,My Wonderful Life,58179,8064,3.6,6.0,3.1,1.0,2.9
"Kim Yong Min, Choi Eun Gyung",Blessing of the Sea,53475,8876,3.5,4.5,1.0,1.0,3.5
"Kim Yong Min, Choi Eun Gyung",Teacher Oh Soon Nam,54228,12073,2.0,1.5,1.0,1.0,2.0
Kim Yong Soo,Babysitter,6149,6548,8.8,8.3,8.8,7.5,8.3
Kim Yong Soo,The Man in the Mask,8356,3224,7.5,8.0,6.2,6.0,7.5
Kim Yong Soo,The Running Mates: Human Rights,6271,6445,6.8,8.0,5.7,5.1,6.3
Kim Yong Wan,If You Wish Upon Me,638,495,7.9,9.2,8.3,7.2,8.0
Kim Yong Wan,The Cursed,3063,1751,7.9,8.8,6.9,6.0,8.2
Kim Yoo Jin,My Heart Twinkle Twinkle,7768,4032,7.9,8.9,6.1,6.6,8.1
Kim Yoo Jin,Revenge of Others,446,348,7.6,8.3,7.5,5.8,7.5
"Kim Yoo Jin, Kim Yoo Jin",The Undateables,4814,878,6.8,8.6,8.4,5.4,7.6
Kim Yoon Cheol,Battle for Happiness,2952,3767,8.3,8.4,8.8,6.4,7.9
Kim Yoon Cheol,Becoming Witch,6712,4497,4.8,8.0,4.9,3.2,5.8
Kim Yoon Cheol,Madame Antoine,6856,516,6.0,7.6,7.0,3.9,6.0
Kim Yoon Cheol,Mama Fairy and the Woodcutter,8577,1291,7.0,8.0,6.6,5.4,7.1
Kim Yoon Cheol,Woman of Dignity,1534,1779,8.1,9.4,7.3,6.6,8.5
Kim Yoon Jin,Our Beloved Summer,226,83,7.0,8.7,8.2,6.3,7.8
Kim Young Jo,Jang Young Shil,3655,5614,8.6,9.4,8.1,7.2,8.9
Kim Young Jo,Oh My Geum Bi,1152,2156,9.1,9.4,8.0,7.8,9.0
Kim Young Jo,Woman of 9.9 Billion,5220,2972,6.8,8.0,6.6,5.6,7.2
Kim Young Joon,How Are You Bread,8776,1901,5.3,6.7,6.7,4.4,5.8
Kim Young Min,Short,3591,3590,7.9,8.5,8.0,7.8,8.3
Ko Heung Sik,Mom Has an Affair,6789,9021,7.2,7.3,5.5,4.3,7.0
Ko Heung Sik,My Mother Is a Daughter-In-Law,44090,14364,10.0,10.0,10.0,10.0,10.0
Ko Jae Hong,Dear X Who Doesn't Love Me,8255,2644,6.7,7.3,6.4,3.5,6.3
Ko Jae Hong,The Temperature of Language: Our Nineteen,3006,1634,9.0,9.1,7.8,6.8,9.0
Komatsu Takashi,Persona,7718,909,6.8,8.9,6.6,5.5,7.0
Kwak Bong Cheol,When Time Stopped,6950,1432,7.6,8.9,9.0,5.6,7.7
Kwak Bong Cheol,Your Playlist,8703,5286,2.0,4.3,5.8,1.0,2.3
Kwak Gi Won,It's My Life,7749,5924,6.5,8.2,6.5,6.2,6.8
Kwak Gi Won,Sponsor,9054,3971,7.5,7.5,5.2,3.2,5.8
Kwak Gi Won,Still Loving You,4135,5209,7.0,7.5,4.0,4.5,7.0
Kwak Jung Hwan,Chief of Staff,2192,1832,8.9,9.4,8.3,7.2,8.9
Kwak Jung Hwan,Chief of Staff Season 2,1334,3093,9.2,9.5,8.3,7.3,9.3
Kwak Jung Hwan,Delayed Justice,3691,4725,9.5,9.4,8.2,7.6,8.7
Kwak Jung Hwan,Local Hero,7343,1656,7.2,7.2,6.8,4.9,6.9
Kwak Jung Hwan,Miss Hammurabi,1863,316,8.2,8.6,8.3,7.2,8.0
Kwak Jung Hwan,The K2,1479,36,7.1,8.5,7.7,4.9,7.6
Kwon Hyuk Chan,I Picked Up a Star on the Road,5657,908,7.0,8.2,7.2,5.8,6.9
"Kwon Hyuk Chan, Lee Min Woo",Cinderella and the Four Knights,3491,34,5.8,7.6,7.7,4.1,6.3
"Kwon Hyuk Chan, Park Shin Woo",Encounter,1834,248,8.5,9.5,9.0,8.2,8.8
"Kwon Ik Joon, Kim Jung Shik",So Not Worth it,2915,618,6.9,7.8,7.5,6.9,7.3
Kwon Nam Ki,Magic Cell Phone,9229,5151,4.7,4.3,4.2,2.0,4.7
Kwon Seok Jang,Bossam: Steal the Fate,2079,1892,7.6,8.8,8.5,6.2,7.8
Kwon Seok Jang,Ex-Girlfriend Club,4698,920,8.4,9.2,8.4,7.7,8.5
Kwon Seok Jang,Once Upon a Small Town,2236,499,6.3,7.4,6.1,5.0,6.8
"Kwon Seok Jang, Kim Sang Ho",Avengers Social Club,415,887,9.1,9.4,8.1,8.0,8.8
Kwon Soo Kyung,The Flatterer,8860,2947,7.3,8.2,4.8,7.5,7.3
Kwon Sung Chang,One More Happy Ending,2917,667,7.4,9.2,7.5,6.1,8.1
Kwon Sung Chang,Queen of the Ring,2518,393,6.8,8.2,6.7,5.1,6.9
Kwon Young Il,Doom at Your Service,609,62,7.5,8.8,8.7,6.5,7.8
Kwon Young Il,My Unfamiliar Family,716,1451,8.2,8.8,7.9,6.7,8.2
Lee Byung Hun,Positive Physique,6715,1475,6.3,8.7,6.8,7.2,7.2
"Lee Byung Hun, Kim Hye Young",Unicorn,5598,4163,8.6,9.4,7.6,8.2,8.9
"Lee Byung Hun, Seo Seong Won","Alice, the Final Weapon",3378,2288,7.1,7.9,6.9,5.4,7.2
Lee Chang Han,Love & Wish,4525,2650,8.5,8.8,8.2,6.6,8.2
Lee Chang Han,Love in Spring,7871,2200,6.3,8.3,7.7,4.9,6.8
Lee Chang Han,Risky Romance,5371,2230,7.4,8.4,6.8,7.0,7.8
Lee Chang Hee,Strangers from Hell,259,120,8.1,9.6,8.8,6.1,8.1
Lee Chang Min,Agency,1331,1948,8.8,9.3,8.2,7.8,8.9
Lee Chang Min,Eulachacha Waikiki,346,111,8.4,9.5,8.5,7.8,8.6
Lee Chang Min,Eulachacha Waikiki Season 2,1520,442,7.3,8.0,7.0,6.3,7.4
Lee Chang Min,Monthly Magazine Home,4152,1162,7.3,8.5,7.9,5.5,7.1
Lee Chang Min,Remember: War of the Son,1217,377,8.2,8.6,7.3,5.5,8.2
Lee Chul Ha,Eating Existence,8729,4799,5.6,7.1,5.8,3.8,6.1
Lee Chul Ha,Unlock My Boss,2117,1088,8.9,9.2,8.5,7.7,8.6
Lee Dan,Taxi Driver Season 2,90,682,7.0,8.6,8.1,6.5,7.6
Lee Dong Hyun,She Knows Everything,7383,4462,7.6,8.6,6.3,5.9,7.6
"Lee Dong Hyun, Lee Dae Young",Golden Garden,6357,4864,7.4,7.5,6.2,6.2,7.2
Lee Dong Yoon,20th Century Boy and Girl,3014,1221,7.7,9.0,8.0,7.7,8.4
Lee Dong Yoon,Happy Home,6834,4878,6.5,8.0,4.8,5.5,7.2
Lee Dong Yoon,Race,6265,4178,7.5,8.3,7.8,6.3,6.7
Lee Dong Yoon,She Would Never Know,2090,264,7.6,8.5,7.9,7.4,8.0
Lee Duk Gun,"TV Novel: Waves, Waves",59249,15772,4.7,4.3,2.5,1.0,4.2
Lee Duk Gun,The Unusual Family,58885,9305,3.5,4.0,1.0,1.0,3.5
"Lee Duk Gun, Park Man Young",The Eccentric Daughter-in-Law,7125,2769,7.3,7.8,7.8,6.2,7.9
Lee Eon Hee,The Killer's Shopping List,1737,1381,8.7,9.1,8.0,6.9,8.5
Lee Eun Jin,Feel Good to Die,3694,1605,8.2,8.9,8.1,7.4,8.3
Lee Eun Jin,The Law Cafe,1751,563,6.3,7.7,6.9,4.7,6.4
"Lee Eun Jin, Kim Jung Hyun",Sassy Go Go,1575,145,8.1,9.4,8.2,7.5,8.6
Lee Eung Bok,Goblin,131,1,6.3,8.2,8.3,4.2,6.5
Lee Eung Bok,Jirisan,1550,557,6.5,8.8,7.4,4.9,7.0
Lee Eung Bok,Mr. Sunshine,82,105,8.4,9.4,8.8,6.6,8.6
Lee Eung Bok,Sweet Home,229,59,7.5,9.2,6.4,7.4,7.8
Lee Geon Joon,All About My Mom,2658,3153,8.6,9.6,8.4,7.3,8.9
Lee Gil Bok,"Now, We Are Breaking Up",8665,572,4.2,4.7,4.7,2.6,4.2
Lee Gye Joon,Love of Eve,54646,12387,3.0,3.0,1.0,1.0,3.0
"Lee Han Joon, Kim Ji Hoon",Check Out the Event,7393,2755,6.9,7.8,7.0,4.7,7.0
"Lee Han Joon, Kim Seung Ho",Joseon Attorney: A Morality,2122,1201,7.5,9.1,7.7,5.5,7.7
Lee Ho Jae,Recipe for Farewell,636,3744,9.8,9.8,9.4,9.1,9.6
Lee Hyun Jik,Sweet Enemy,8159,8055,2.2,5.0,2.8,2.0,2.2
"Lee Hyun Jik, Kim Jae Hong",Phoenix 2020,59305,6521,4.0,4.3,3.7,3.2,4.0
Lee Hyun Joo,Imaginary Cat,6469,1373,7.4,8.1,6.6,5.8,7.7
Lee Hyun Joo,Lonely Enough to Love,7104,2175,7.0,7.7,6.7,4.9,6.8
Lee Hyun Suk,"Hello, Me!",2207,780,7.8,8.3,7.8,6.4,7.8
Lee Hyung Min,Chocolate,1681,448,8.0,8.9,8.2,5.6,7.8
Lee Hyung Min,Ms. Temper & Nam Jung Gi,4259,1866,8.8,9.0,7.9,7.5,9.0
Lee Hyung Min,My Dangerous Wife,3232,3228,8.6,9.2,8.8,6.5,8.6
Lee Hyung Min,Strong Woman Do Bong Soon,249,2,4.2,7.2,6.0,3.2,5.2
"Lee Hyung Min, Choi Sung Bum",Orange Marmalade,8664,251,6.0,6.7,6.1,3.2,5.9
"Lee Hyung Min, Jo Woong",Miracle That We Met,2072,2067,8.7,9.0,8.2,6.8,8.1
"Lee Hyung Min, Jung Sang Hee","From Now On, Showtime!",701,603,8.7,8.9,8.2,7.8,8.7
Lee Hyung Sun,Always Springtime,57994,14657,2.5,2.5,1.0,1.0,2.5
Lee Hyung Sun,The Witch's Game,55701,6367,3.5,5.8,7.2,1.0,3.8
"Lee Hyung Sun, Jang Yong Woo",Joseon Survival,8337,4870,4.2,5.0,3.0,2.5,3.8
Lee Jae Gyoo,All of Us Are Dead,509,94,7.5,8.6,7.5,6.8,7.9
Lee Jae Gyoo,Trap,2943,2687,6.2,7.9,6.1,4.0,6.7
Lee Jae Hoon,Divorce Attorney Shin,838,1585,9.0,9.4,8.9,8.5,8.9
Lee Jae Hoon,Run On,1142,69,8.0,9.1,8.0,6.9,8.2
"Lee Jae Hoon, Choi Yoon Seok",Good Manager,358,284,9.8,9.9,9.4,9.4,9.8
"Lee Jae Hoon, Kang Soo Yeon",The Ghost Detective,3545,1124,7.3,8.8,8.5,5.7,6.8
"Lee Jae Hoon, Ki Min Soo",Blood,6410,174,6.0,6.5,5.8,4.4,6.4
Lee Jae Jin,The Banker,4906,7208,8.0,8.0,8.0,5.0,8.0
Lee Jae Jin,The Spies Who Loved Me,5276,1200,6.8,7.8,6.5,5.7,7.0
"Lee Jae Jin, Kang Dae Sun",Woman with a Suitcase,5322,3141,7.5,8.3,6.3,6.8,8.0
Lee Jae Sang,My Father Is Strange,378,381,9.2,9.5,8.6,8.5,9.3
Lee Jae Sang,Once Again,351,999,9.0,9.1,8.2,8.4,9.0
Lee Jeong Hyo,Because It's the First Time,5042,870,9.0,9.1,8.3,8.6,8.8
Lee Jeong Hyo,Crash Landing on You,53,8,8.1,9.2,8.6,7.4,8.2
Lee Jeong Hyo,Life on Mars,169,406,9.4,9.5,8.8,7.9,9.2
Lee Jeong Hyo,Romance Is a Bonus Book,1499,37,7.7,8.8,7.3,6.8,7.6
Lee Jeong Hyo,The Good Wife,1871,1854,8.1,8.9,7.0,6.3,8.1
"Lee Jeong Hyo, Yang Yoon Ho",Criminal Minds,3148,566,7.1,8.0,7.6,5.4,7.6
Lee Jin Seo,Brain Works,2336,2219,7.6,8.2,6.2,6.8,7.4
Lee Jin Seo,Revolutionary Sisters,6161,3484,7.9,8.8,6.7,6.2,7.9
Lee Jong Jae,Duel,703,854,8.5,9.5,7.6,7.6,8.5
Lee Jong Jae,Our Blooming Youth,1539,714,7.2,8.2,7.1,5.5,7.5
Lee Jong Jae,Psychopath Diary,863,394,8.0,8.5,7.7,7.0,7.8
"Lee Jong Jae, Nam Sung Woo",100 Days My Prince,882,140,7.0,8.6,7.3,6.0,7.3
Lee Jong Pil,One Day Off,1223,3710,8.9,9.1,7.8,8.5,8.9
Lee Joo Young,Anna,2920,1035,8.6,8.5,6.8,6.6,8.4
Lee Joo Young,Anna: Extended Version,2043,5495,7.9,9.4,8.4,6.4,8.0
Lee Joon Hyeong,Hip Hop King: Nassna Street,44224,6354,8.0,8.0,10.0,1.0,6.0
Lee Joon Hyeong,Tell Me What You Saw,1213,875,7.8,8.7,8.1,7.2,7.9
Lee Joon Ik,Yonder,5436,3812,8.4,9.1,8.2,7.0,8.7
Lee Jung Heum,Falsify,2426,1993,8.8,9.2,8.4,7.4,8.6
Lee Jung Heum,Inspector Koo,1364,1014,7.8,9.0,9.0,7.2,7.8
Lee Jung Heum,Nobody Knows,414,738,9.5,9.8,9.5,8.7,9.4
Lee Jung Hoon,Shady Mom-in-Law,56158,11086,5.2,4.0,4.5,2.7,4.3
Lee Jung Hoon,Wednesday 3:30 PM,2763,733,7.3,7.9,8.2,6.2,7.8
"Lee Jung Hoon, Ko Heung Sik",Happy Sisters,47174,10345,5.0,5.0,1.0,1.0,5.0
Lee Jung Mi,I Wanna Hear Your Song,5451,1125,7.0,8.2,7.8,5.5,7.3
Lee Jung Rim,V.I.P,2145,1139,8.4,9.2,8.4,6.5,8.4
"Lee Jung Rim, Kim Jae Hong",Revenant,236,769,8.6,9.6,8.2,7.5,8.7
Lee Jung Sub,Angel's Last Mission: Love,623,73,7.5,8.8,8.9,6.4,8.0
Lee Jung Sub,Dali and the Cocky Prince,562,239,8.5,9.1,8.7,7.9,8.5
Lee Jung Sub,Queen for Seven Days,1128,615,8.4,9.0,9.0,6.6,8.6
"Lee Jung Sub, Lee Eun Jin","My Lawyer, Mr. Jo",2762,2951,8.5,8.8,8.0,7.8,8.6
Lee Kang Hyun,Secrets of Women,52527,8652,4.5,4.8,3.8,1.0,4.5
Lee Khan,Grid,5507,1195,7.1,8.8,7.2,5.2,7.2
Lee Kwang Young,Call It Love,784,602,8.6,9.5,8.4,7.8,8.9
Lee Kwang Young,Judge vs. Judge,3500,1377,6.8,8.8,6.8,5.1,7.4
Lee Kwang Young,The Secret Life of My Secretary,1978,154,7.7,8.8,8.2,7.6,8.2
Lee Kwon,EXO Next Door,4123,188,6.6,7.8,8.5,7.0,7.5
Lee Kwon,Save Me Season 2,2082,2307,8.5,9.0,7.5,6.4,8.5
Lee Kyung Mi,The School Nurse Files,7137,521,7.5,8.9,8.0,7.1,8.0
Lee Min Soo,The Secret House,52145,6017,8.1,8.1,6.8,5.8,7.5
Lee Myung Woo,Backstreet Rookie,4060,181,7.5,9.0,8.3,6.7,8.3
Lee Myung Woo,One Ordinary Day,486,541,8.3,9.6,7.6,6.2,8.0
Lee Myung Woo,The Fiery Priest,237,404,10.0,10.0,9.8,9.9,9.9
Lee Myung Woo,Whisper,3801,1517,8.2,9.1,6.4,5.9,8.2
Lee Na Jung,Love Alarm,7270,35,5.5,6.6,5.4,4.4,5.3
Lee Na Jung,Mine,1111,665,6.8,9.2,7.2,5.3,7.6
Lee Na Jung,See You in My 19th Life,467,297,6.9,8.8,8.0,5.0,7.5
"Lee Na Jung, Kim Dong Hwi",Fight for My Way,513,21,8.2,9.1,8.5,8.2,8.6
Lee Rang,Oh! Dear Half-Basement Goddesses,51068,8806,7.0,9.0,2.0,3.5,9.0
Lee Sang Yeob,A Piece of Your Mind,1444,347,7.8,9.4,8.5,7.0,8.1
Lee Sang Yeob,Familiar Wife,1719,459,8.0,9.2,8.6,7.1,8.3
Lee Sang Yeob,Shopping King Louie,1510,131,7.5,8.7,8.4,6.5,8.1
Lee Sang Yeob,Yumi's Cells,650,245,8.7,9.1,8.5,7.8,8.8
Lee Sang Yeob,Yumi's Cells Season 2,815,598,6.8,8.2,8.2,5.3,7.0
"Lee Sang Yeob, Yoon Jong Ho",My Holo Love,1495,158,8.2,9.2,8.4,6.8,8.4
Lee Seung Hoon,Best Chicken,7182,2744,7.2,7.1,6.6,5.5,7.2
Lee Seung Hoon,Train,707,653,8.7,9.2,8.5,6.7,8.5
Lee Seung Young,Missing Noir M,1040,1413,8.3,9.2,9.0,6.9,8.7
Lee Seung Young,Tracer,2554,2088,7.4,7.8,7.0,6.4,6.9
Lee Seung Young,Tracer Season 2,2895,4910,6.7,6.8,6.0,5.3,6.5
Lee Seung Young,Voice Season 2,593,1004,8.5,9.0,8.8,7.2,8.7
Lee Si Young,Bad Girlfriend,8958,3262,5.5,7.5,6.0,4.8,5.5
Lee Si Young,Be My Boyfriend,2591,929,7.2,7.9,6.5,6.2,7.2
Lee Si Young,Chart Running Scholar,53555,11452,7.0,7.5,5.0,6.0,7.0
Lee So Yeon,Moorim School,4643,236,7.8,8.1,8.6,6.5,7.8
Lee So Yoon,The Heavenly Idol,4226,436,5.0,6.8,5.9,4.5,5.4
Lee Soo Hyun,Delightfully Deceitful,3486,1302,8.1,8.7,8.5,5.8,8.2
Lee Soo Hyun,Sh**ting Stars,777,134,7.2,8.4,8.0,5.5,7.5
Lee Su Ji,Ocean Likes Me,8643,1098,5.8,8.0,7.8,5.0,6.7
Lee Sung Joon,The Scholar Who Walks the Night,3214,296,6.1,7.2,6.0,4.8,6.5
Lee Tae Gon,Age of Youth,417,122,9.3,9.5,9.2,9.2,9.6
Lee Tae Gon,Diary of a Prosecutor,1329,1849,8.9,9.5,7.8,7.7,8.8
Lee Tae Gon,Mad for Each Other,523,366,8.3,9.1,8.3,7.3,8.1
"Lee Tae Gon, Kim Jae Hong",My Love Eun Dong,3479,1091,8.5,9.0,8.3,7.0,8.5
"Lee Tae Gon, Kim Sang Ho",Age of Youth Season 2,799,304,8.9,8.1,8.9,7.9,8.7
Lee Won Tae,Payback: Money and Power,3647,2729,9.8,9.8,8.0,8.2,9.2
"Lee Woo Jung, Yoon Sung Ho, Yoon Se Young, Kim In Seon",The Cravings Season 2,6468,10506,10.0,10.0,10.0,10.0,7.5
Lee Yong Seok,Haechi,1765,1559,9.1,9.0,8.0,8.2,9.2
Lee Yong Seok,The Village: Achiara's Secret,3399,1090,8.2,8.5,7.0,6.0,7.8
"Lee Yong Seok, Lee Dong Hyun",Doctor Lawyer,2308,1363,8.0,8.2,7.6,5.5,7.9
Lee Yoo Yeon,Best Mistake,3734,923,7.4,7.3,7.7,6.6,7.2
Lee Yoo Yeon,Best Mistake Season 2,4178,1693,6.5,7.7,6.9,5.1,6.7
Lee Yoo Yeon,Light on Me,1227,257,8.0,8.3,9.0,7.3,8.3
Lee Yoon Jung,Argon,2073,2557,8.3,9.2,7.7,6.6,8.4
Lee Yoon Jung,Cheese in the Trap,6219,38,6.4,8.8,8.2,5.7,7.0
Lee Yoon Jung,Heart to Heart,2650,943,9.0,9.5,8.6,8.6,9.3
Lee Yoon Jung,Summer Strike,818,494,7.6,9.0,8.6,6.5,8.1
Lee Yoon Jung,The Lies Within,2341,1441,6.6,8.8,7.0,5.0,6.8
Lim Hyun Hee,Our Dating Sim,2185,569,8.3,9.3,8.3,9.1,9.2
Lim Jae Kyung,Must You Go?,5841,2831,7.4,7.8,8.1,5.1,7.3
Lim Suk Jin,Falling for Do Jeon,7884,1561,7.7,8.5,8.4,6.6,8.0
Lin Yan,Single & Ready to Mingle,3645,3007,6.6,7.4,6.1,4.9,6.9
Mae Cruz-Alviar,Two Hearts,57088,9601,8.2,8.8,8.0,7.2,8.0
Marut Sarowat,The Miracle,7958,1051,7.4,7.8,7.8,5.6,7.6
Maruyama Seiji,First Love Story,6109,5763,7.5,8.0,5.5,6.5,7.0
Min Chae Yeon,Happy Merry Ending,7632,1366,6.0,8.2,8.2,5.1,6.8
Min Doo Shik,Click Your Heart,7777,808,7.6,8.1,8.0,6.8,8.0
Min Doo Shik,Missing Korea,8905,4337,6.4,7.1,3.9,3.4,6.4
Min Doo Shik,My Only Love Song,3414,594,6.5,7.0,6.8,5.8,6.6
Min Doo Shik,Rich Man,6861,554,5.7,6.0,6.5,3.8,5.6
Min Ji Young,Bitch X Rich,5659,1731,7.0,8.5,6.2,4.5,7.0
"Min Ji Young, Lim Min Young",The Man of My Life,6966,9790,7.0,5.0,7.5,5.5,6.5
"Min Ji Young, Lim Min Young",User Not Found,3203,1505,7.2,7.0,7.2,5.2,6.9
Min Jin Gi,When the Devil Calls Your Name,2219,980,8.8,9.5,9.4,7.7,9.0
"Min Jin Gi, Jung Hyun Nam",Circle,600,401,9.3,9.2,8.0,8.6,9.0
Min Yeon Hong,Insider,1824,1396,8.8,9.8,8.9,8.2,8.8
Min Yeon Hong,Missing: The Other Side,320,796,9.6,9.7,9.0,7.6,9.4
Min Yeon Hong,Touch,6689,1774,6.2,6.5,6.9,4.1,6.1
"Min Yeon Hong, Lee Jung Hoon",Longing Heart,3509,1136,7.6,8.2,7.0,5.8,7.2
"Min Yeon Hong, Lee Jung Hoon","Miss Ma, Nemesis",3243,4898,7.5,8.8,8.0,6.2,7.5
"Min Yeon Hong, Lee Ye Rim",Missing: The Other Side Season 2,147,1862,9.5,9.6,8.9,8.5,9.4
Mo Wan Il,Misty,975,1179,8.5,9.4,8.7,7.1,8.6
Mo Wan Il,The World of the Married,660,222,7.8,9.3,8.3,5.5,8.0
"Mo Wan Il, Lee Jae Hoon",A Beautiful Mind,1265,438,9.2,9.4,9.1,8.6,9.2
"Moon Joon Ha, Hwang Seung Gi",Radio Romance,5123,219,5.2,6.9,6.5,4.2,5.7
Myung Hyun Woo,Miracle,5850,2090,6.4,7.4,6.7,4.0,6.4
Nam Gun,Private Lives,6110,668,6.7,8.7,7.8,4.9,7.3
Nam Gun,Temperature of Love,5140,465,6.9,8.8,8.1,5.5,7.3
Nam Gun,The Royal Gambler,3459,1637,7.6,9.4,8.7,6.8,8.3
Nam Ki Hoon,Big Bet Season 2,4459,6669,6.2,8.2,4.0,1.0,6.8
Nam Ki Hoon,Kiss Sixth Sense,1896,804,6.7,7.8,6.9,5.0,7.0
Nam Ki Hoon,Leverage,1100,1473,7.0,8.0,6.5,5.5,7.3
Nam Ki Hoon,My Unfortunate Boyfriend,7999,1452,6.7,6.8,6.5,5.8,7.0
Nam Ki Hoon,Oh My Baby,3511,1031,7.8,8.4,7.7,4.2,7.5
Nam Ki Hoon,That Man Oh Soo,8175,1165,4.4,6.1,5.6,2.2,4.8
Nam Ki Hoon,Voice Season 3: City of Accomplices,885,1484,8.6,9.3,8.9,8.0,8.8
"Nam Ki Hoon, Shin Yong Hwi",Tunnel,303,242,7.5,8.7,7.9,6.0,7.8
Nam Sung Woo,Kkondae  Intern,2936,1628,9.2,9.3,8.8,8.5,9.2
Nam Sung Woo,Love in Contract,3623,341,4.5,6.4,5.1,2.0,4.9
Nam Sung Woo,My Roommate Is a Gumiho,817,90,7.4,8.7,8.0,6.5,7.8
Nam Tae Jin,Jinx,6144,4848,8.0,8.0,7.5,6.0,8.0
Nam Tae Jin,Part-Time Idol,6297,1511,7.8,7.5,7.6,5.2,7.2
Nam Tae Jin,Switch: Change the World,2921,1550,8.4,9.0,7.2,7.3,8.6
Noh Do Cheol,Kill Heel,6637,4332,7.1,8.2,7.3,5.2,6.3
Noh Do Cheol,Partners for Justice,711,971,8.1,8.0,7.5,5.7,7.8
"Noh Do Cheol, Han Jin Sun",Partners for Justice Season 2,228,1427,9.0,9.2,9.2,8.8,8.8
Noh Jong Chan,Clean with Passion for Now,4045,149,7.4,9.1,8.1,6.2,7.5
Noh Jong Chan,Idol: The Coup,1647,1566,8.5,9.1,9.2,8.3,8.8
Oh Choong Hwan,Doctors,2879,92,6.4,8.5,7.8,5.0,7.4
Oh Choong Hwan,Hotel del Luna,314,10,7.0,8.2,8.5,6.3,7.7
Oh Choong Hwan,Start-Up,1724,50,6.8,8.8,8.7,6.3,7.2
"Oh Choong Hwan, Bae Hyun Jin",Big Mouth,395,163,6.7,9.1,6.6,5.2,7.0
"Oh Choong Hwan, Park Soo Jin",While You Were Sleeping,213,11,8.3,8.7,8.8,6.8,8.2
Oh Chung Pung,"Fly, Again",6222,4896,5.5,8.0,7.0,2.0,7.5
Oh Da Young,Oh My Ladylord,8778,1127,3.6,7.8,6.1,2.0,5.1
Oh Hyun Jong,The One and Only,2704,942,7.4,8.9,7.6,5.5,7.9
Oh Hyun Jong,Two Cops,2853,903,6.5,7.9,6.0,5.2,6.8
"Oh Hyun Jong, Lee Soo Hyun",Find Me in Your Memory,1267,321,7.2,8.7,8.4,6.1,7.5
"Oh Hyun Jong, Nam Sung Woo",Weightlifting Fairy Kim Bok Joo,150,3,7.4,8.6,8.7,5.6,7.6
"Oh Hyun Jong, Park Won Gook",A Daughter Just Like You,5658,5652,6.8,7.2,5.2,4.2,6.8
Oh Jin Suk,Love with Flaws,3570,309,6.1,8.2,8.0,4.9,6.6
Oh Jin Suk,My First First Love,3884,129,6.8,8.5,6.8,4.9,6.9
Oh Jin Suk,My First First Love Season 2,3871,292,6.3,7.9,7.3,5.2,6.7
Oh Jin Suk,My Sassy Girl,3492,586,7.2,8.2,7.8,4.9,7.3
Oh Jin Suk,Queenmaker,1192,2406,8.5,9.2,6.7,6.7,8.0
Oh Jin Suk,Yong Pal,3338,470,8.4,9.1,7.5,7.5,8.4
Oh Jong Rok,Forest,2993,688,7.3,8.3,7.5,5.8,7.5
Oh Ki Hwan,How to Be Thirty,8205,1417,6.4,7.7,6.6,5.5,6.5
Oh Kwan Jin,Hanging On,3957,7230,9.1,9.6,8.4,8.6,9.1
"Oh Kyung Hoon, Song Yeon Hwa",When I Was the Most Beautiful,8523,1715,6.5,9.4,7.5,5.0,7.6
Oh Mi Kyung,Please Don't Date Him,3613,1108,8.3,8.3,7.3,6.8,8.1
"Oh Mi Kyung, Sun Hye Yoon",Dae Jang Geum Is Watching,5192,2931,6.2,9.0,7.0,7.0,8.2
Park Bong Sub,Eve,2689,549,5.2,7.5,7.8,4.4,6.2
Park Bong Sub,Love for a Thousand More,5209,1875,8.1,7.7,7.9,6.6,7.8
Park Byung Hwan,Dream Knight,6781,642,7.6,7.6,8.3,6.7,7.6
Park Chan Hong,Beautiful World,406,1284,8.9,9.3,8.4,7.0,8.8
Park Chan Hong,Memory,1007,1806,9.1,9.4,7.5,5.7,9.2
Park Chan Yool,9 Seconds: Eternal Time,5758,2704,8.6,8.4,8.3,6.8,8.4
Park Chan Yool,Witch's Love,5237,589,7.7,8.5,8.1,6.7,7.9
Park Dhan Hee,Blue Birthday,1248,687,8.9,7.8,8.3,7.8,8.6
Park Dhan Hee,Ending Again,3379,1182,8.0,8.0,8.2,6.9,8.1
Park Dhan Hee,Naughty Boy,8447,9365,10.0,10.0,9.5,9.5,10.0
Park Dhan Hee,The Best Ending,3709,2852,7.7,8.0,7.7,6.3,7.8
Park Dhan Hee,W.H.Y.,2502,1739,8.8,9.0,9.0,6.7,8.5
Park Eun Joo,Oh! Boarding House,8007,978,6.6,7.8,7.0,6.2,7.0
Park Gi Ho,Andante,5941,1281,6.0,7.2,6.6,4.0,6.2
Park Gi Ho,Love Returns,6053,4170,6.2,7.6,6.2,4.0,6.5
Park Gi Ho,Miss Monte-Cristo,8484,5184,3.5,5.1,4.8,2.0,3.3
Park Ho Jin,The Great Shaman Ga Doo Shim,2349,702,7.2,8.9,7.9,6.7,7.4
"Park Hong Kyun, Kim Hee Won",Warm and Cozy,5707,635,7.6,8.9,8.2,7.1,8.5
"Park Hong Kyun, Kim Jung Hyun, Kim Byung Soo",A Korean Odyssey,1193,56,6.8,8.4,8.4,6.0,7.7
Park Hyun Suk,Hometown,5718,2112,7.0,8.7,7.2,5.2,6.9
Park Hyun Suk,Just Dance,2437,2113,8.8,9.2,8.2,7.5,8.7
Park Hyun Suk,Spy,7174,2132,5.9,7.6,6.5,4.1,6.5
Park Hyun Suk,Stranger Season 2,394,685,9.0,9.6,9.3,8.6,9.1
"Park Hyun Suk, Cha Young Hoon",Uncontrollably Fond,1704,85,7.2,8.1,8.5,4.9,7.5
Park Hyung Ki,Secret Boutique,5861,3270,8.5,8.5,7.5,6.9,8.2
"Park Jae Bum, Jang Joon Ho",Let's Make a New Start,55414,9233,4.3,4.7,4.5,2.0,5.0
"Park Jae Bum, Kim Sang Woo",Hospital Ship,2728,890,7.5,8.2,7.8,5.8,7.5
Park Jin Suk,Naked Fireman,3007,1984,8.4,8.9,7.0,7.3,8.2
Park Jin Suk,Sell Your Haunted House,766,468,9.1,9.4,8.9,8.3,9.1
"Park Jin Woo, Lee Hyo Won",Poetry Story,47043,13713,10.0,10.0,9.5,10.0,10.0
"Park Jin Woo, Seo Joo Wan",Dear.M,1914,479,7.4,8.2,7.5,6.2,7.3
Park Joon Hwa,Alchemy of Souls,24,87,8.4,9.2,8.8,7.8,8.5
Park Joon Hwa,"Bring It On, Ghost",1521,80,7.7,8.2,7.1,5.8,7.5
Park Joon Hwa,Touch Your Heart,1094,47,7.5,8.5,7.7,6.7,8.0
Park Joon Hwa,What's Wrong with Secretary Kim,500,5,5.5,8.0,6.6,4.1,6.4
"Park Joon Hwa, Bae Hyun Jin",Alchemy of Souls Season 2: Light and Shadow,56,202,4.2,6.7,7.2,2.7,5.0
"Park Joon Hwa, Choi Kyu Shik",Let's Eat Season 2,2517,1263,7.9,8.9,7.1,6.9,7.8
"Park Joon Hwa, Nam Sung Woo",Because This Is My First Life,601,33,7.6,8.5,7.4,6.3,7.6
Park Joon Soo,Gaus Electronics,727,620,9.1,9.5,8.1,8.8,9.2
Park Joon Soo,YG Future Strategy Office,7599,3704,7.5,7.5,8.0,8.0,7.8
Park Joon Woo,Doctor Detective,3881,3607,7.7,8.9,7.9,6.0,7.9
Park Joon Woo,Taxi Driver,144,153,7.4,9.2,7.8,5.7,7.8
Park Jung Bum,Alive,5554,6362,8.2,7.3,6.0,5.8,7.8
Park Ki Hyun,Red Shoes,8425,7601,4.0,5.0,5.0,1.0,4.0
Park Ki Hyun,Unasked Family,5634,7368,6.0,5.0,3.6,4.1,5.4
Park Kyung Ryul,Let Me Introduce Her,4511,2851,8.2,8.4,8.4,6.5,8.2
Park Man Young,Three Bold Siblings,6748,3843,7.3,8.5,6.3,6.2,7.7
Park Sang Hoon,Vivid Romance,6563,1590,7.4,7.8,6.4,5.0,7.8
"Park Sang Hoon, Go Dong Sun",Beautiful You,59009,9865,2.0,2.0,1.0,1.0,2.0
"Park Sang Hoon, Jung Ji In",Radiant Office,5228,1244,8.2,8.8,7.5,6.4,8.2
"Park Sang Hoon, Park Sang Woo",Terius Behind Me,1000,358,7.6,9.0,7.8,6.5,7.9
Park Seon Ho,A Business Proposal,244,22,5.9,7.3,7.5,5.9,6.5
Park Seon Ho,Suspicious Partner,1027,26,8.0,9.2,8.2,7.0,8.2
"Park Seon Ho, Ham Joon Ho",My Strange Hero,1684,196,6.8,8.9,7.5,5.6,7.6
"Park Seon Ho, Ham Joon Ho",Wok of Love,2067,384,6.9,9.2,7.2,6.3,7.5
Park Seung Woo,Adamas,3890,1320,7.4,8.8,7.7,5.0,7.3
"Park Seung Woo, Lee Sung Joon",Person Who Gives Happiness,4510,6106,7.2,8.2,5.9,6.4,7.6
"Park Seung Woo, Sung Chi Wook",Kairos,472,741,9.2,9.3,8.8,7.6,9.0
Park Shin Woo,Jealousy Incarnate,1665,232,8.2,9.7,9.3,7.4,8.8
Park Shin Woo,Lovestruck in the City,2413,207,8.5,9.5,9.0,8.2,8.8
"Park Shin Woo, Jung Dong Yoon",It's Okay to Not Be Okay,66,7,7.7,9.2,8.7,5.7,7.6
Park Soo Cheol,"Coffee, Do Me a Favor",8779,3060,5.3,7.9,5.0,4.2,5.2
Park Soo Cheol,Touching You,6461,1639,6.0,6.9,5.5,3.4,5.5
Park Soo Jin,The Hymn of Death,945,300,8.5,8.9,8.8,7.0,8.3
Park Soo Jin,Why Her?,1537,361,7.5,9.0,8.0,5.8,7.7
"Park Soo Jin, Lee Dong Hun",Big Issue,2592,2601,7.0,7.8,7.2,5.3,6.8
Park Soo Won,Big Forest,46289,7983,6.8,7.0,4.7,3.7,6.8
Park Soo Won,Birthcare Center,751,1471,9.2,9.3,8.7,8.1,9.0
Park Soo Won,"Work Later, Drink Now Season 2",1569,2190,7.8,9.0,8.2,7.2,7.8
Park Su Min,Finland Papa,6394,5609,7.8,8.4,7.2,5.9,7.8
Park Sun Jae,Color Rush,4672,184,6.7,6.7,8.8,5.3,6.9
Park Sun Jae,Color Rush Season 2,8132,964,6.6,8.4,8.2,5.5,7.5
Park Sun Jae,Detective Alice,9186,5889,3.1,4.2,2.7,2.7,3.8
Park Sun Jae,Devil Inspector,7318,3294,7.8,6.9,7.7,7.2,7.6
Park Sun Jae,Monchouchou Globalhouse,7578,5872,6.0,5.7,7.7,4.3,6.7
Park Sun Jae,Mr. Heart,3766,254,6.7,7.9,7.9,5.6,7.2
Park Sun Jae,Mute,5769,4255,7.2,7.5,7.6,7.2,7.6
Park Sun Jae,Number Six,8607,5411,4.6,7.3,5.9,2.9,5.4
Park Sun Jae,Romance Special Law,7747,4321,8.5,9.0,9.0,9.0,9.0
Park Sun Jae,Tomorrow Boy,8210,3379,7.0,7.8,6.8,7.5,7.0
Park Sun Jae,What's Up With These Kids!?,9159,5085,5.5,6.0,7.5,6.0,7.0
"Park Sun Jae, Jang Eui Soon",Peach of Time,5925,863,8.2,9.0,9.0,7.8,8.4
"Park Sun Jae, Kim Hoon Gwang",Star Struck,8567,1323,5.7,7.8,6.5,3.7,5.8
"Park Won Gook, Choi Yi Sup",Working Mom Parenting Daddy,46712,11481,6.0,6.8,5.2,5.2,6.8
"Park Won Gook, Kang Hee Ju","Poong, the Joseon Psychiatrist",2243,1474,8.7,9.2,8.9,7.5,8.5
"Park Won Gook, Kang Hee Ju","Poong, the Joseon Psychiatrist Season 2",2344,3169,7.7,8.3,7.3,5.8,7.4
"Park Won Gook, Noh Do Cheol",The Emperor: Owner of the Mask,2303,592,6.4,7.8,8.2,3.9,6.9
"Park Won Gook, Sung Chi Wook",Special Labor Inspector Jo,1449,2350,8.7,9.5,7.5,8.5,9.1
Park Yong Soon,Divorce Lawyer in Love,6350,1758,7.7,7.4,5.8,4.6,6.7
Park Yong Soon,Secret Mother,2330,3493,8.1,9.0,7.6,6.1,8.2
Park Yong Soon,Wanted,4058,2119,7.2,8.5,8.0,2.8,6.8
Peter Lee,Immutable Law of First Love,8997,4986,10.0,10.0,10.0,10.0,10.0
Pyo Min Soo,Ho Goo's Love,2016,580,9.2,9.3,8.0,8.6,9.2
Pyo Min Soo,The Third Charm,8742,831,7.1,8.8,7.5,5.3,7.4
"Pyo Min Soo, Yoon Sung Ho, Seo Soo Min",The Producers,5309,267,7.8,9.2,7.8,6.6,8.2
Ra Ha Na,Green Mothers' Club,4324,2799,7.9,8.7,7.4,5.9,7.7
Ra Ha Na,Tinted With You,7475,773,7.3,8.6,7.6,6.2,7.4
Roh Deok,Glitch,5763,1297,7.6,9.2,6.5,5.6,7.3
Ryu Kwang Hyun,Strong Underdog,46705,14008,9.0,10.0,8.0,8.0,9.0
Seo Joo Wan,Love Revolution,1612,794,8.3,8.8,8.5,8.2,8.5
"Seo Joo Wan, Song Je Young",Welcome to Wedding Hell,7651,2142,5.5,6.7,5.1,2.4,4.9
Seo Joon Bum,Dr. Park’s Clinic,3633,5741,7.8,8.9,7.1,7.1,7.6
Seo Kyung Guk,Idol in My Living Room,54000,9319,9.0,8.0,9.0,8.0,9.0
"Seo Min Jung, Lee Tae Gon",Bo Ra! Deborah,1584,644,6.9,8.4,7.1,5.5,7.0
Seong Do Joon,Happy Ending Romance,7652,1288,7.1,8.6,8.7,5.4,7.0
Seong Do Joon,Wish You: Your Melody From My Heart,5334,431,6.4,7.3,8.1,5.5,6.8
Shim Jae Hyun,Zombie Detective,1312,597,7.6,8.7,7.8,6.5,8.1
Shim Na Yeon,Beyond Evil,183,173,8.2,9.3,8.2,6.6,8.5
Shim Na Yeon,Moment at Eighteen,2010,302,6.9,7.7,7.1,6.0,6.9
Shim Na Yeon,The Good Bad Mother,75,370,7.9,9.2,7.5,6.6,8.0
Shim So Yeon,Here's My Plan,2068,2353,9.0,9.5,9.4,8.4,9.1
Shim So Yeon,May I Help You,1272,590,7.0,8.8,7.7,4.8,7.5
Shin Chang Seok,A Man in a Veil,7204,5788,5.4,6.9,5.5,4.0,5.7
Shin Chang Seok,Love to the End,6685,7843,9.0,9.0,7.5,6.5,9.0
Shin Chang Seok,Woman in a Veil,55017,8101,2.3,4.0,5.5,1.0,3.3
Shin Chang Seok,Young Lady and Gentleman,7000,1049,4.4,7.8,6.5,2.5,5.5
Shin Joo Hwan,Prince's Prince,8900,2577,8.1,8.5,7.9,7.6,8.1
Shin Kyung Soo,Doubtful Victory,5403,2370,5.3,7.3,7.3,3.2,5.8
Shin Kyung Soo,Six Flying Dragons,162,531,9.8,9.9,9.7,8.9,9.8
Shin Kyung Soo,The First Responders,278,962,9.0,9.5,8.2,8.4,9.0
Shin Kyung Soo,The Nokdu Flower,985,1515,9.5,9.5,9.0,8.0,9.3
"Shin Kyung Soo, Nam Tae Jin",Joseon Exorcist,2701,2509,8.6,8.7,8.2,6.7,8.3
Shin Won Ho,Hospital Playlist,23,49,8.1,9.0,8.3,6.4,8.2
Shin Won Ho,Hospital Playlist Season 2,17,161,7.8,9.7,8.8,7.1,8.0
Shin Won Ho,Prison Playbook,46,93,8.7,9.7,9.2,6.9,8.8
"Shin Won Ho, Yoo Hak Chan",Reply 1988,26,41,9.5,9.8,9.6,8.9,9.6
Shin Woo Cheol,Melting Me Softly,4468,142,4.2,6.6,6.4,3.4,5.0
Shin Woo Cheol,Where Stars Land,2683,283,7.2,8.1,7.5,4.8,6.5
Shin Yong Hwi,Cross,2448,2054,9.2,9.4,8.8,8.5,9.0
Shin Yong Hwi,Hide and Seek,5644,3953,6.7,7.2,7.3,5.3,6.8
"Shin Yong Hwi, Kim Jung Wook",The Great Show,3175,1895,7.6,7.6,6.9,5.4,7.1
"Shin Yong Hwi, Yoon Ra Young",Voice Season 4: Judgment Hour,969,1804,8.0,8.8,7.4,6.5,7.8
Shin Yoon Sub,Catch the Ghost,1682,578,7.2,8.0,6.8,5.1,6.8
Shin Yoon Sub,"Please Come Back, Mister",2347,418,8.1,8.7,8.0,5.6,8.0
"So Jae Hyun, Kim Hwi",Memorist,692,291,8.8,9.2,6.8,6.9,8.4
"So Jae Hyun, Lee Soo Hyun",The Witch's Diner,1869,609,7.8,8.5,7.5,6.0,8.0
So Joon Moon,Love Mate,5695,1135,7.1,8.6,7.6,5.9,7.2
So Joon Moon,My Sweet Dear,7633,659,5.2,7.5,7.1,4.9,6.1
So Joon Moon,Sing My Crush,1484,2238,8.9,9.0,9.2,8.6,9.0
So Joon Moon,You Make Me Dance,3215,313,7.7,8.5,8.2,6.2,7.9
Son Jae Gon,Strangers Again,6757,1150,6.0,8.6,6.5,4.2,6.8
Son Jung Hyun,Mental Coach Jegal,2767,3203,8.1,8.4,6.4,5.8,7.4
Son Jung Hyun,Should We Kiss First?,2821,3328,8.6,9.2,8.1,7.2,8.4
Son Jung Hyun,When My Love Blooms,3073,897,8.1,8.9,7.5,5.9,8.0
Son Jung Hyun,"Yeah, That's How It Is",5037,5827,7.7,8.2,5.4,5.6,7.8
Song Hyun Wook,Another Miss Oh,1317,146,5.7,7.9,7.0,4.6,6.5
Song Hyun Wook,Graceful Friends,5652,2720,7.8,9.5,8.0,6.7,8.3
Song Hyun Wook,Introverted Boss,3305,109,5.9,7.5,8.0,4.9,6.8
Song Hyun Wook,Meloholic,6266,1069,6.3,7.2,6.7,4.5,6.4
Song Hyun Wook,Super Daddy Yeol,4847,2309,6.7,9.0,7.8,5.2,7.8
Song Hyun Wook,The Beauty Inside,880,88,6.8,8.6,7.9,4.8,7.0
Song Hyun Wook,Undercover,2274,1917,7.3,8.5,7.5,5.7,7.5
"Song Hyun Wook, Lee Han Joon",The Golden Spoon,1903,658,7.7,9.0,8.1,5.6,7.5
"Song Hyun Wook, Lee Hyun Suk",The King's Affection,1029,225,7.0,8.5,8.0,6.1,7.2
"Song Hyun Wook, Lee Jong Jae",Revolutionary Love,5940,519,6.8,8.9,8.2,6.0,7.5
"Song Hyung Suk, Park Seung Woo",The Guardians,978,520,8.7,9.5,9.4,6.7,8.9
"Song Hyung Suk, Yoon Ji Hoon",Shine or Go Crazy,3958,1632,7.3,8.6,8.0,5.1,7.8
Song Ji Won,Irish Uppercut,48244,10048,8.5,10.0,9.0,7.0,8.5
Song Ji Won,Sweet Munchies,8395,2081,5.5,7.6,7.1,3.8,5.8
"Song Min Yeop, Hwang In Hyuk",Doctor Prisoner,775,591,8.6,9.5,8.0,6.9,8.5
"Song Min Yeop, Lee Dae Kyung",Youth of May,165,182,10.0,10.0,9.6,9.8,9.9
"Song Min Yeop, Park Jin Suk",School 2017,1462,110,8.0,9.0,8.3,7.4,8.4
Song Soo Lim,A Shoulder to Cry On,4105,560,7.6,7.8,8.3,6.3,7.7
Song Yeon Hwa,Hunted,5181,5925,7.0,9.0,8.7,4.0,7.5
Soo Not Sue,Out of Breath,3357,3090,9.8,9.8,6.8,8.1,9.1
Soo Not Sue,She Makes My Heart Flutter,960,3178,9.2,9.3,8.7,9.5,9.3
Steve Cheng,The [email protected],5459,4995,6.5,7.5,7.5,3.5,7.0
Sun Hye Yoon,Borg Mom,7110,6209,7.0,6.5,4.0,5.0,7.2
Sung Joon Hae,"Bravo, My Life",4233,4883,8.2,9.0,8.0,5.5,8.5
Sung Joon Hae,Home for Summer,6581,5933,6.8,6.8,5.5,5.5,6.8
Sung Joon Hae,No Matter What,6526,7750,7.0,6.4,5.0,5.0,7.2
Sung Yong Il,Duty After School: Part 1,396,718,8.0,8.4,7.8,7.6,8.1
Sung Yong Il,Duty After School: Part 2,7853,1283,4.9,6.6,5.0,3.0,4.7
"Sung Yong Il, Park Ji Hyun",Class of Lies,866,467,7.9,8.8,8.3,5.5,7.8
Teddy Hwang,Roommates of Poongduck 304,2870,570,7.3,8.1,7.5,6.9,7.7
Uh Soo Sun,Gold Mask,6917,6293,6.8,8.2,6.4,4.5,7.1
Uh Soo Sun,Gracious Revenge,6348,7041,5.8,6.5,5.0,3.5,5.8
Uh Soo Sun,Sunny Again Tomorrow,4239,4100,6.7,6.7,5.5,4.2,5.3
Uh Soo Sun,TV Novel: My Mind’s Flower Rain,51825,13156,4.8,4.0,2.2,3.0,4.8
Wang Hye Ryung,Pop Out Boy!,4193,1587,8.1,8.5,8.0,7.5,8.2
Wang Hye Ryung,Seasons of Blossom,643,1205,9.1,8.5,8.3,8.2,8.9
Wang Hye Ryung,The Guilty Secret,5535,3047,7.4,8.2,6.4,6.4,7.0
"Werner du Plessis, Inu Baek",The Eighth Sense,1674,555,8.8,9.4,8.0,8.0,8.8
Xie Di Kui,Woof & Meow – Do you Love Me?,5986,8047,7.0,7.5,5.3,4.5,7.3
Yang Kyung Hee,Kissable Lips,8603,473,5.1,7.5,6.1,3.6,5.5
Yang Kyung Hee,Love Tractor,2342,1099,8.1,8.8,8.5,7.5,8.4
Yang Kyung Hee,The Director Who Buys Me Dinner,6529,679,7.6,8.5,7.5,6.5,7.7
"Yang Kyung Hee, Yang Kyeong Hui",The Tasty Florida,6367,754,6.1,7.4,8.0,5.9,6.9
Yoo Hak Chan,Adult Trainee,3119,646,7.9,8.1,7.0,6.8,7.5
Yoo Hak Chan,Top Star Yoo Baek,4632,2485,7.2,8.2,7.6,6.8,7.4
Yoo Hee Woon,4 Reasons Why I Hate Christmas,5422,3709,7.4,8.0,7.1,6.2,7.5
Yoo Hee Woon,Growing Season,1668,2091,8.1,8.9,7.1,6.5,8.3
Yoo Hee Woon,Love Playlist Season 4,1067,2157,8.7,9.0,9.1,7.4,8.7
Yoo Hyun Ki,Soul Mechanic,3114,1421,8.7,9.2,8.1,7.0,8.4
Yoo Hyun Ki,The Empire,7492,5693,6.1,8.6,5.9,5.4,5.5
"Yoo Hyun Ki, Kim Min Kyung",Matrimonial Chaos,2916,2728,7.5,8.9,7.4,6.0,7.6
Yoo In Shik,Dr. Romantic Season 3,50,706,8.8,9.5,9.2,8.2,9.0
Yoo In Shik,Extraordinary Attorney Woo,60,55,6.5,8.5,6.6,5.9,7.2
Yoo In Shik,Vagabond,502,74,7.7,9.3,8.1,5.7,7.4
"Yoo In Shik, Lee Gil Bok",Dr. Romantic Season 2,185,168,7.8,8.8,8.8,6.4,8.2
"Yoo In Shik, Park Soo Jin",Dr. Romantic,245,116,8.5,9.7,8.0,7.5,9.0
Yoo Je Won,Abyss,3036,67,4.9,7.3,6.1,3.6,5.5
Yoo Je Won,Crash Course in Romance,585,244,7.3,8.0,6.3,4.5,6.9
Yoo Je Won,"Hi Bye, Mama!",504,253,7.5,8.9,7.7,6.4,7.8
Yoo Je Won,Hometown Cha-Cha-Cha,197,42,7.4,8.6,7.9,6.8,7.7
Yoo Je Won,Oh My Ghost,1003,48,7.5,9.0,7.5,6.8,7.9
Yoo Je Won,The Smile Has Left Your Eyes,1041,132,8.0,9.2,8.8,7.3,8.4
Yoo Je Won,Tomorrow With You,2114,205,8.3,8.8,8.8,7.4,8.4
Yoo Jong Sun,Designated Survivor: 60 Days,400,937,8.5,9.1,8.0,7.1,8.4
Yoo Jong Sun,Secret Royal Inspector & Joy,2898,807,7.5,8.3,7.5,5.6,7.7
"Yoo Jong Sun, Kim Seung Woo",Pale Moon,42476,6397,10.0,10.0,10.0,9.0,10.0
Yoo Jung Joon,Love (ft. Marriage and Divorce),8421,1788,5.8,7.6,6.3,3.7,4.9
Yoo Jung Joon,Love (ft. Marriage and Divorce) Season 2,6395,2969,5.5,7.2,7.1,4.9,5.5
Yoo Jung Joon,Love (ft. Marriage and Divorce) Season 3,8498,4249,3.7,6.9,6.0,3.4,3.8
Yoo Kwan Mo,Police University,2560,518,6.9,7.8,6.9,5.0,7.0
Yoo Seon Dong,Bad and Crazy,423,171,6.5,8.3,7.2,5.8,7.0
Yoo Seon Dong,The Uncanny Counter,125,70,7.8,9.0,8.2,7.2,8.2
Yoo Young Eun,Bloody Heart,1321,1389,8.9,9.1,7.3,7.1,8.5
Yoo Young Eun,How to Buy a Friend,3147,1429,7.8,8.8,7.7,5.9,8.1
"Yoo Young Eun, Choi Yoon Seok",Queen of Mystery Season 2,2357,2473,6.1,8.1,6.1,4.9,6.3
"Yoo Young Eun, Park Man Young",Manhole,7573,1449,7.2,7.4,5.6,4.8,6.8
"Yoo Young Sun, Park Sun Jae, Lim Kyeong Taek",Midnight Thriller,42267,15980,9.5,9.5,8.0,9.0,9.5
Yoon Chang Bum,First Love Again,56186,8799,9.4,9.5,8.5,8.6,9.2
Yoon Chang Bum,Marry Me Now,2682,2207,8.2,9.1,7.9,6.7,8.1
Yoon Jae Moon,A Pledge to God,4591,4658,7.8,8.5,6.8,6.3,7.8
Yoon Jae Moon,Blow Breeze,7928,4718,1.8,3.7,1.7,1.0,2.0
Yoon Ji Hoon,Next Door Witch J,7523,3390,6.3,8.2,7.1,5.7,6.7
Yoon Jong Bin,Narco-Saints,1816,1675,7.9,8.9,7.4,5.7,7.5
Yoon Jong Ho,Times,4073,2638,7.2,8.5,7.2,4.4,7.2
Yoon Joon Ho,Cherry Blossoms After Winter,3252,307,6.5,6.7,6.9,5.2,6.9
Yoon Joon Ho,Justice Team,47926,12794,8.0,8.0,5.0,5.0,8.0
Yoon Ra Young,Hit the Spot,877,1340,9.0,9.3,7.9,8.1,9.0
Yoon Ryu Hae,Gangnam Scandal,6752,3961,6.8,7.1,4.2,5.8,7.1
Yoon Ryu Hae,Want a Taste?,54959,9284,4.0,4.8,3.8,2.1,3.4
Yoon Ryu Hae,You Are a Gift,57892,11713,7.0,6.2,5.0,4.8,7.5
Yoon Sang Ho,Curtain Call,3637,1853,7.3,8.5,7.0,5.0,7.5
Yoon Sang Ho,Different Dreams,2750,3204,7.2,8.6,7.4,6.6,7.2
Yoon Sang Ho,Jinxed at First,6873,914,4.8,6.1,5.4,2.2,5.0
Yoon Sang Ho,King Maker: The Change of Destiny,3314,2668,8.3,8.6,8.7,5.8,8.2
Yoon Sang Ho,River Where the Moon Rises,2545,786,7.1,8.6,7.9,5.8,7.4
Yoon Sang Ho,"Saimdang, Light’s Diary",2714,1946,6.8,8.4,8.0,4.7,7.3
Yoon Sung Ho,Political Fever,45911,7868,7.0,8.0,7.5,5.0,8.5
Yoon Sung Ho,Top Management,4532,810,7.5,8.4,8.4,6.8,8.1
"Yoon Sung Ho, Park Dong Hoon",Women at a Game Company,7959,4729,7.0,7.0,6.2,5.2,6.8
"Yoon Sung Ho, Park Hyun Jin",Idol Fever,56192,7532,6.0,8.0,5.8,4.2,5.8
Yoon Sung Shik,Cleaning Up,4945,3760,7.2,8.1,6.4,3.8,6.8
Yoon Sung Shik,Mr. Queen,48,77,9.6,9.7,9.2,9.2,9.6
Yoon Sung Shik,Tower of Babel,6607,3409,8.8,8.7,7.3,8.0,8.7
"Yoon Sung Shik, Kim Young Jo",Hwarang,1998,45,6.3,8.6,8.2,6.2,7.4
"You Su Min, Park Dhan Hee",Weak Hero Class 1,15,179,9.1,9.7,9.3,8.7,9.3
