screenwriter,drama_name,tot_eps,duration,rank,pop,story_score,acting_cast_score,music_score,rewatch_value_score,overall_score
Lee Do Ah,Bo Ra! Deborah,14.0,70.0,1584.0,644.0,6.9,8.4,7.1,5.5,7.0
Kim Bo Tong,Mad for Each Other,13.0,35.0,523.0,366.0,8.3,9.1,8.3,7.3,8.1
Song Jung Woo,Memorist,16.0,65.0,692.0,291.0,8.8,9.2,6.8,6.9,8.4
Hwang Seol Hun,Memorist,16.0,65.0,692.0,291.0,8.8,9.2,6.8,6.9,8.4
Kim Yi Young,I'm Sorry Kang Nam Goo,120.0,35.0,52970.0,9216.0,1.5,2.5,1.0,1.0,1.5
Oh Hye Seok,Scene Number Paran,3.0,11.0,56347.0,99999.0,8.0,8.0,6.0,7.5,8.0
Jung An,Scene Number Paran,3.0,11.0,56347.0,99999.0,8.0,8.0,6.0,7.5,8.0
Kim Eun Hee,The Witch Store,12.0,13.0,6696.0,4847.0,7.5,6.7,8.7,4.5,7.3
Ji Ah Nee,Mom Has an Affair,122.0,32.0,6789.0,9021.0,7.2,7.3,5.5,4.3,7.0
Choi Rom,My Son-In-Law's Woman,120.0,40.0,51872.0,9341.0,3.0,3.0,1.0,1.0,3.0
Han Ah Reum,Love with Flaws,32.0,30.0,3570.0,309.0,6.1,8.2,8.0,4.9,6.6
Choi Young Rim,Love with Flaws,32.0,30.0,3570.0,309.0,6.1,8.2,8.0,4.9,6.6
Jason Kim,The Banker,32.0,35.0,4906.0,7208.0,8.0,8.0,8.0,5.0,8.0
Choi Yi Yoon,The Good Bad Mother,14.0,70.0,75.0,370.0,7.9,9.2,7.5,6.6,8.0
Jung Sung Eun,Should We Kiss First?,40.0,35.0,2821.0,3328.0,8.6,9.2,8.1,7.2,8.4
Joo Young Ha,Zombie Detective,24.0,30.0,1312.0,597.0,7.6,8.7,7.8,6.5,8.1
Han Woo Joo,Once Upon a Small Town,12.0,34.0,2236.0,499.0,6.3,7.4,6.1,5.0,6.8
Jeon Seon Young,Melting Me Softly,16.0,65.0,4468.0,142.0,4.2,6.6,6.4,3.4,5.0
Cho Ui Seok,Mine,16.0,70.0,1111.0,665.0,6.8,9.2,7.2,5.3,7.6
Kim Roo Ri,Miracle That We Met,18.0,60.0,2072.0,2067.0,8.7,9.0,8.2,6.8,8.1
Han Woo Ri,Strong Woman Do Bong Soon,16.0,67.0,249.0,2.0,4.2,7.2,6.0,3.2,5.2
Kang Yoon,Woman of Dignity,20.0,60.0,1534.0,1779.0,8.1,9.4,7.3,6.6,8.5
Baek So Yeon,My Perfect Stranger,16.0,70.0,310.0,981.0,9.0,9.2,7.8,6.7,8.8
Won Yeong Jin,The Tale of Nokdu,32.0,33.0,849.0,138.0,6.4,8.6,7.3,5.4,6.9
Kang Eun Kyung,My Roommate Is a Gumiho,16.0,70.0,817.0,90.0,7.4,8.7,8.0,6.5,7.8
Seok Bo Bae,What's Wrong with Secretary Kim,16.0,69.0,500.0,5.0,5.5,8.0,6.6,4.1,6.4
Bae Se Young,A Poem a Day,16.0,65.0,2749.0,694.0,7.4,8.5,8.0,5.3,7.9
Im Do Wan,Drinking Solo,16.0,64.0,4431.0,915.0,7.0,8.4,6.8,5.6,7.5
Jung Yoo Sun,Missing: The Other Side,12.0,70.0,320.0,796.0,9.6,9.7,9.0,7.6,9.4
Jung Yeo Rang,Missing: The Other Side Season 2,14.0,60.0,147.0,1862.0,9.5,9.6,8.9,8.5,9.4
Moon Ji Young,Genome’s Romance,8.0,15.0,56050.0,13028.0,8.5,8.5,8.0,7.2,8.0
Shin Kyung Il,King Maker: The Change of Destiny,21.0,62.0,3314.0,2668.0,8.3,8.6,8.7,5.8,8.2
Ah Kyung,Shadow Beauty,13.0,20.0,2032.0,991.0,7.4,8.6,6.8,6.0,7.4
No Yoon Soo,4 Reasons Why I Hate Christmas,6.0,16.0,5422.0,3709.0,7.4,8.0,7.1,6.2,7.5
Kim Jin Wook,Just One Bite,8.0,14.0,2965.0,2410.0,7.0,7.2,6.8,6.5,7.2
Choi Jin Young,Just One Bite Season 2,10.0,15.0,2490.0,3028.0,7.9,8.9,7.8,5.5,8.6
Jung Ho Rak,Just One Bite Season 2,10.0,15.0,2490.0,3028.0,7.9,8.9,7.8,5.5,8.6
Lee Nam Gyu,Live On,8.0,63.0,1536.0,533.0,6.7,8.0,7.6,5.9,7.1
Werner du Plessis,Yellow,10.0,8.0,5904.0,3036.0,7.6,8.1,7.6,7.1,7.8
Inu Baek,Yellow,10.0,8.0,5904.0,3036.0,7.6,8.1,7.6,7.1,7.8
Kwon Eum Mi,Two Cops,32.0,35.0,2853.0,903.0,6.5,7.9,6.0,5.2,6.8
Shin Yoo,V.I.P,32.0,30.0,2145.0,1139.0,8.4,9.2,8.4,6.5,8.4
Kang Jae Hyun,Unasked Family,123.0,30.0,5634.0,7368.0,6.0,5.0,3.6,4.1,5.4
Lee Jung Dae,The Master of Revenge,20.0,63.0,5687.0,3966.0,7.2,8.8,7.0,2.7,7.3
Hyun Ji Min,She Would Never Know,16.0,65.0,2090.0,264.0,7.6,8.5,7.9,7.4,8.0
Kim Eun Sook,The Forbidden Marriage,12.0,70.0,780.0,698.0,7.4,8.1,7.5,6.1,7.2
Jung Hyung Soo,Hometown,12.0,70.0,5718.0,2112.0,7.0,8.7,7.2,5.2,6.9
Yoo Young Ah,Itaewon Class,16.0,70.0,595.0,19.0,6.5,8.0,7.3,4.9,6.7
Kim Hoi Joon,Black Knight,6.0,42.0,1422.0,608.0,7.6,8.4,6.7,6.4,7.8
Park Hye Young,Touch Your Heart,16.0,70.0,1094.0,47.0,7.5,8.5,7.7,6.7,8.0
Han Bo Kyung,Touch Your Heart,16.0,70.0,1094.0,47.0,7.5,8.5,7.7,6.7,8.0
Joo Hyo Jin,Touch Your Heart,16.0,70.0,1094.0,47.0,7.5,8.5,7.7,6.7,8.0
Jang Yoon Mi,Hellbound,6.0,50.0,5294.0,364.0,7.9,8.7,7.7,6.4,7.6
Kim Ga Eun,Mask,20.0,60.0,1706.0,469.0,7.3,8.1,6.5,4.9,7.5
Oh Sang Ho,Time,32.0,35.0,3777.0,1342.0,6.7,7.9,6.7,4.3,6.5
Kang Yoon Sung,Babysitter,4.0,60.0,6149.0,6548.0,8.8,8.3,8.8,7.5,8.3
Lee Chun Geum,House of Bluebird,50.0,60.0,6037.0,3939.0,5.2,7.2,7.8,5.0,5.8
Choi Soo Young,Perfume,32.0,35.0,3076.0,761.0,7.5,8.8,7.3,6.8,7.7
Choi Soo Young,Perfume,32.0,35.0,3076.0,761.0,7.5,8.8,7.3,6.8,7.7
Jung Hyun Jung,Devilish Joy,16.0,65.0,2621.0,446.0,7.2,8.9,7.7,6.9,8.1
Kim Jin Wook,Thumping Spike,20.0,15.0,3832.0,1016.0,6.9,7.1,6.3,6.3,7.3
Heo Joon Woo,Thumping Spike 2,20.0,15.0,5106.0,1456.0,7.6,8.5,8.2,6.4,7.8
Kang Yi Hun,Thumping Spike 2,20.0,15.0,5106.0,1456.0,7.6,8.5,8.2,6.4,7.8
Kim Hwa Joon,The Good Detective Season 2,16.0,70.0,1685.0,2270.0,7.6,9.3,6.8,5.9,7.8
Park Jin Ri,The Man in the Mask,16.0,70.0,8356.0,3224.0,7.5,8.0,6.2,6.0,7.5
Yang Hee Seung,Queen for Seven Days,20.0,60.0,1128.0,615.0,8.4,9.0,9.0,6.6,8.6
Lee Bom,Joseon Attorney: A Morality,16.0,70.0,2122.0,1201.0,7.5,9.1,7.7,5.5,7.7
Song Soo Han,Crime Puzzle,10.0,70.0,4864.0,2842.0,7.8,8.3,7.2,6.0,7.5
Kim Won Seok,CHIP-IN,8.0,60.0,3155.0,3243.0,6.4,8.2,6.6,5.2,6.9
Park Kyung Soon,Cleaning Up,16.0,70.0,4945.0,3760.0,7.2,8.1,6.4,3.8,6.8
Kim Eun Sook,Return,34.0,35.0,3310.0,2710.0,8.3,8.6,7.6,6.3,8.2
Jang Yoon Mi,Love on a Rooftop,101.0,35.0,8341.0,7469.0,5.4,5.1,5.0,3.0,5.1
Oh Bo Hyun,Love on a Rooftop,101.0,35.0,8341.0,7469.0,5.4,5.1,5.0,3.0,5.1
Lee Hyun Jung,Kill It,12.0,60.0,1367.0,278.0,7.5,8.8,8.4,5.2,7.5
Lee Seo Hyun,Kill It,12.0,60.0,1367.0,278.0,7.5,8.8,8.4,5.2,7.5
Yoon Mi Hee,Black,18.0,80.0,1823.0,151.0,8.2,8.3,8.6,6.8,8.0
Kang Yoon Sung,Mouse,20.0,75.0,109.0,155.0,7.1,8.8,7.8,6.5,7.3
Ryu Bo Ri,King the Land,16.0,80.0,605.0,237.0,6.6,8.8,8.2,6.0,7.7
Ban Ki Ri,Defendant,18.0,70.0,210.0,380.0,8.0,9.6,8.2,6.5,8.4
Jung So Young,Defendant,18.0,70.0,210.0,380.0,8.0,9.6,8.2,6.5,8.4
Moon Young Nam,Heart Surgeons,32.0,35.0,2204.0,2859.0,7.4,7.9,7.1,5.8,7.3
Kim Bo Tong,One Dollar Lawyer,12.0,70.0,497.0,873.0,8.2,8.9,8.2,6.8,8.2
Son Yi Seul,Love to Hate You,10.0,52.0,376.0,280.0,8.3,8.7,7.2,7.7,8.4
Kim Tae Wook,My ID Is Gangnam Beauty,16.0,60.0,2735.0,25.0,7.1,6.6,7.4,5.3,6.8
Hong Jung Eun,Madam Cha Dal Rae's Love,100.0,36.0,55169.0,14234.0,4.0,5.0,1.0,1.0,4.0
Hong Mi Ran,Madam Cha Dal Rae's Love,100.0,36.0,55169.0,14234.0,4.0,5.0,1.0,1.0,4.0
Ryu Yong Jae,It's Okay to Be Sensitive Season 2,10.0,14.0,2295.0,3908.0,8.7,8.7,8.0,4.3,8.5
Kim Hwan Chae,It's Okay to Be Sensitive Season 2,10.0,14.0,2295.0,3908.0,8.7,8.7,8.0,4.3,8.5
Choi Sung Joon,It's Okay to Be Sensitive Season 2,10.0,14.0,2295.0,3908.0,8.7,8.7,8.0,4.3,8.5
Cheon Ji Hye,New Normal Zine,12.0,20.0,55829.0,7485.0,2.0,3.0,2.0,1.0,2.0
Wi So Young,When You Love Yourself,6.0,10.0,3185.0,4216.0,7.0,7.0,4.0,5.0,7.0
Kim Hyung Min,When You Love Yourself Season 2,10.0,10.0,3186.0,5893.0,9.5,10.0,10.0,9.0,9.5
Jung Yoo Kyung,The Boy Next Door,15.0,6.0,2325.0,443.0,9.2,9.7,9.0,9.6,9.5
Lee Seo Jung,Blessing of the Sea,121.0,35.0,53475.0,8876.0,3.5,4.5,1.0,1.0,3.5
Lee Yoon Jung,Love Tractor,8.0,25.0,2342.0,1099.0,8.1,8.8,8.5,7.5,8.4
Choi Yo Ji,New Love Playlist,12.0,15.0,5067.0,4789.0,7.0,8.1,7.4,4.8,6.2
Kim Tae Hee,The Guilty Secret,12.0,10.0,5535.0,3047.0,7.4,8.2,6.4,6.4,7.0
Han Ji Wan,Want More 19,7.0,10.0,4834.0,3639.0,7.6,7.8,7.6,6.0,7.5
Min Ji Eun,Angel's Last Mission: Love,32.0,35.0,623.0,73.0,7.5,8.8,8.9,6.4,8.0
Lee Hee Myung,Lucky Romance,16.0,60.0,3652.0,400.0,8.0,9.0,7.6,6.9,8.3
Sung Sang Min,Sh**ting Stars,16.0,60.0,777.0,134.0,7.2,8.4,8.0,5.5,7.5
Ahn Se Hwa,About Time,16.0,70.0,5730.0,399.0,6.6,7.6,6.8,4.1,6.4
Park So Young,All of Us Are Dead,12.0,62.0,509.0,94.0,7.5,8.6,7.5,6.8,7.9
Jo Seong Geol,Your Honor,32.0,35.0,1794.0,1029.0,8.4,9.2,8.5,7.4,8.5
Kwak Jae Min,Rugal,16.0,65.0,5160.0,775.0,6.0,8.0,6.5,4.8,6.7
Jo Ah Ra,Scripting Your Destiny,10.0,25.0,2627.0,1426.0,8.2,8.5,8.3,7.7,8.1
Shin So  Young,Find Me if You Can,8.0,14.0,3914.0,4618.0,9.1,8.9,8.0,8.2,9.1
Lee Seon Hye,A Daughter Just Like You,120.0,35.0,5658.0,5652.0,6.8,7.2,5.2,4.2,6.8
Kim Jung Hoon,The Gentlemen of Wolgyesu Tailor Shop,54.0,65.0,2660.0,2949.0,8.2,9.0,7.5,5.8,8.2
Oh Seung Hyun,The Gentlemen of Wolgyesu Tailor Shop,54.0,65.0,2660.0,2949.0,8.2,9.0,7.5,5.8,8.2
No Ga Jung,Search,10.0,60.0,1373.0,784.0,7.5,8.9,7.5,6.0,8.0
Lee Do Hyeon,A Good Supper,120.0,30.0,8978.0,7223.0,3.8,5.5,5.7,2.0,3.8
Song Jung Rim,Make a Woman Cry,40.0,75.0,4872.0,6385.0,6.1,7.4,5.6,4.0,6.9
Jin Han Sae,You're Too Much,50.0,67.0,8334.0,5849.0,6.0,7.5,5.0,5.5,6.2
Kim Sol Ji,Love in Contract,16.0,65.0,3623.0,341.0,4.5,6.4,5.1,2.0,4.9
Im Young Bin,Doctors,20.0,60.0,2879.0,92.0,6.4,8.5,7.8,5.0,7.4
Na Seung Hyun,Record of Youth,16.0,75.0,5475.0,157.0,6.1,8.2,7.4,4.0,6.5
Cha Hye Won,Temperature of Love,40.0,30.0,5140.0,465.0,6.9,8.8,8.1,5.5,7.3
Kang Go Eun,Sell Your Haunted House,16.0,70.0,766.0,468.0,9.1,9.4,8.9,8.3,9.1
Kim In Young,Mystic Pop-Up Bar,12.0,68.0,436.0,170.0,9.0,9.2,8.8,8.4,8.9
Oh Ga Kyu,See You in My 19th Life,12.0,70.0,467.0,297.0,6.9,8.8,8.0,5.0,7.5
Choi Soo Jin,Show Window: The Queen's House,16.0,65.0,4579.0,3510.0,7.5,8.7,7.9,4.6,7.4
Choi Chang Hwan,Show Window: The Queen's House,16.0,65.0,4579.0,3510.0,7.5,8.7,7.9,4.6,7.4
Kim Eun Hee,When the Weather Is Fine,16.0,60.0,1231.0,183.0,6.9,8.2,7.5,5.3,7.4
Yoon Eun Kyung,When the Weather Is Fine,16.0,60.0,1231.0,183.0,6.9,8.2,7.5,5.3,7.4
Ha Gu Dam,Clean with Passion for Now,16.0,70.0,4045.0,149.0,7.4,9.1,8.1,6.2,7.5
Kim Dan,The King's Affection,20.0,70.0,1029.0,225.0,7.0,8.5,8.0,6.1,7.2
Kim Na Neui,TV Novel: My Mind’s Flower Rain,128.0,35.0,51825.0,13156.0,4.8,4.0,2.2,3.0,4.8
Park Yoon Sung,TV Novel: My Mind’s Flower Rain,128.0,35.0,51825.0,13156.0,4.8,4.0,2.2,3.0,4.8
Choi Min Suk,Last,16.0,63.0,2416.0,2878.0,8.8,9.4,5.6,5.4,8.6
Yang Hee Seung,Woman of 9.9 Billion,32.0,35.0,5220.0,2972.0,6.8,8.0,6.6,5.6,7.2
Kim Ban Di,Somebody,8.0,55.0,8353.0,891.0,5.5,9.3,6.5,3.4,6.0
Kwon Sung Hui,The Ghost Detective,32.0,35.0,3545.0,1124.0,7.3,8.8,8.5,5.7,6.8
Im Ji Eun,Wanted,16.0,60.0,4058.0,2119.0,7.2,8.5,8.0,2.8,6.8
Im Eui Jung,Wanted,16.0,60.0,4058.0,2119.0,7.2,8.5,8.0,2.8,6.8
Baek Eun Kyung,38 Task Force,16.0,64.0,1686.0,697.0,8.3,9.0,8.2,6.2,8.4
Jung Seo Kyung,Bad Guys: City of Evil,16.0,65.0,3899.0,1626.0,7.9,8.3,8.4,6.5,8.0
Kwak Kyung Yoon,My Fellow Citizens!,36.0,35.0,4295.0,1194.0,8.2,9.2,8.5,6.4,8.3
Yoo Byung Jae,Happiness,12.0,65.0,81.0,100.0,6.2,8.9,7.3,5.0,6.8
In Ji Hye,Happiness,12.0,65.0,81.0,100.0,6.2,8.9,7.3,5.0,6.8
Kim Jung Ae,The Good Wife,16.0,60.0,1871.0,1854.0,8.1,8.9,7.0,6.3,8.1
Kwon Hee Kyung,The Good Wife,16.0,60.0,1871.0,1854.0,8.1,8.9,7.0,6.3,8.1
Lee Joo Young,Peng,10.0,19.0,8028.0,2572.0,4.4,5.7,5.1,3.9,4.4
Lee Jae Gon,A Business Proposal,12.0,60.0,244.0,22.0,5.9,7.3,7.5,5.9,6.5
Jo Young Soo,Delightfully Deceitful,16.0,70.0,3486.0,1302.0,8.1,8.7,8.5,5.8,8.2
Jo Beom Gi,Tale of the Nine-Tailed,16.0,70.0,833.0,53.0,7.8,8.6,8.3,7.0,7.8
Lee Bom,Tale of the Nine-Tailed 1938,12.0,70.0,101.0,546.0,8.2,9.3,7.9,8.4,8.8
Park Yeon Sun,Love & Wish,9.0,16.0,4525.0,2650.0,8.5,8.8,8.2,6.6,8.2
Choi Jin Won,Happy Sisters,120.0,35.0,47174.0,10345.0,5.0,5.0,1.0,1.0,5.0
Jo Hyun Joo,Persona,4.0,20.0,7718.0,909.0,6.8,8.9,6.6,5.5,7.0
Cho Ye Rang,Persona,4.0,20.0,7718.0,909.0,6.8,8.9,6.6,5.5,7.0
Lee Jae Eun,Persona,4.0,20.0,7718.0,909.0,6.8,8.9,6.6,5.5,7.0
Jang Young Chul,The Promise,102.0,35.0,4268.0,3441.0,8.5,8.8,7.8,3.0,8.5
Jung Kyung Soon,The Promise,102.0,35.0,4268.0,3441.0,8.5,8.8,7.8,3.0,8.5
Choi Tae Kang,The Secret of My Love,100.0,34.0,55532.0,9287.0,4.2,5.5,2.8,1.0,2.2
Choi Sung Wook,Kokdu: Season of Deity,16.0,80.0,6503.0,1040.0,7.0,8.2,7.8,4.8,7.3
Jan Jin,Kokdu: Season of Deity,16.0,80.0,6503.0,1040.0,7.0,8.2,7.8,4.8,7.3
Kim Dan,Less Than Evil,32.0,35.0,2281.0,2772.0,7.5,8.4,7.2,5.9,7.8
Jangbbijju,Less Than Evil,32.0,35.0,2281.0,2772.0,7.5,8.4,7.2,5.9,7.8
Hwang Hye Ji,Secret Boutique,32.0,30.0,5861.0,3270.0,8.5,8.5,7.5,6.9,8.2
Park Jung Yoon,Tomorrow With You,16.0,60.0,2114.0,205.0,8.3,8.8,8.8,7.4,8.4
Moon Ji Won,Alchemy of Souls Season 2: Light and Shadow,10.0,81.0,56.0,202.0,4.2,6.7,7.2,2.7,5.0
Lee Seul,Hotel del Luna,16.0,80.0,314.0,10.0,7.0,8.2,8.5,6.3,7.7
Park Hye Jin,Love Scene Number,8.0,60.0,5586.0,2674.0,8.2,8.4,6.3,6.2,7.9
Park Pa Ran,Bad Love,129.0,30.0,52842.0,9463.0,7.0,7.8,5.2,5.2,7.0
Noh Hee Kyung,Cheo Yong Season 2,10.0,75.0,2586.0,3878.0,7.5,8.0,8.2,5.5,7.7
Ryu Yong Jae,Criminal Minds,20.0,60.0,3148.0,566.0,7.1,8.0,7.6,5.4,7.6
Kim Hwan Chae,Criminal Minds,20.0,60.0,3148.0,566.0,7.1,8.0,7.6,5.4,7.6
Choi Sung Joon,Criminal Minds,20.0,60.0,3148.0,566.0,7.1,8.0,7.6,5.4,7.6
Lee Joo Young,A Pledge to God,48.0,25.0,4591.0,4658.0,7.8,8.5,6.8,6.3,7.8
Hong Jung Eun,Dalgona,4.0,13.0,7827.0,4970.0,6.2,6.7,7.3,4.7,6.8
Hong Mi Ran,Dalgona,4.0,13.0,7827.0,4970.0,6.2,6.7,7.3,4.7,6.8
Jang Yoon Mi,Her Bucket List,10.0,20.0,6896.0,3634.0,7.3,7.6,7.4,4.5,7.2
Choi Sun Mi,Today Office Tomorrow Romance,10.0,10.0,7688.0,7313.0,5.0,6.5,5.0,3.0,3.0
Song Jae Jung,My Dangerous Wife,16.0,70.0,3232.0,3228.0,8.6,9.2,8.8,6.5,8.6
Kim Yoon Joo,My Dangerous Wife,16.0,70.0,3232.0,3228.0,8.6,9.2,8.8,6.5,8.6
Kim Kyung Ran,My Dangerous Wife,16.0,70.0,3232.0,3228.0,8.6,9.2,8.8,6.5,8.6
Moon Man Se,300 Year-Old Class of 2020,6.0,15.0,6391.0,7130.0,6.8,8.0,8.7,6.7,7.7
Kwon Ki Young,Love as You Taste,10.0,14.0,6562.0,5182.0,5.0,8.0,5.5,4.0,4.5
Kwon Do Hwan,Love as You Taste,10.0,14.0,6562.0,5182.0,5.0,8.0,5.5,4.0,4.5
Park Young,The Sweet Blood,15.0,10.0,8785.0,946.0,5.6,5.8,5.8,4.0,5.2
Choi Kyung Mi,Where Your Eyes Linger,8.0,10.0,2300.0,152.0,7.6,8.3,7.5,7.0,7.7
Jang Hong Chul,Squid Game,9.0,60.0,548.0,24.0,5.8,8.0,6.9,4.6,6.4
Kim Ji Eun,D-Day,20.0,65.0,1077.0,568.0,9.2,9.8,9.0,8.4,9.4
Yoon Young Mi,Oh! Dear Half-Basement Goddesses,10.0,15.0,51068.0,8806.0,7.0,9.0,2.0,3.5,9.0
Jung Soo Yoon,Women at a Game Company,11.0,10.0,7959.0,4729.0,7.0,7.0,6.2,5.2,6.8
Oh In Chun,Dear X Who Doesn't Love Me,10.0,30.0,8255.0,2644.0,6.7,7.3,6.4,3.5,6.3
Jeon Yoo Ri,Rebel: Thief Who Stole the People,30.0,60.0,410.0,803.0,8.5,9.5,9.5,7.0,8.9
Kim Min Joo,Rich Man,16.0,65.0,6861.0,554.0,5.7,6.0,6.5,3.8,5.6
Choi I Rang,Mrs. Cop,18.0,65.0,2519.0,2253.0,7.9,8.8,6.6,6.0,8.0
Yoo Kab Yeol,Secret Mother,32.0,30.0,2330.0,3493.0,8.1,9.0,7.6,6.1,8.2
Jang Ah Mi,Something About 1 Percent,16.0,40.0,1342.0,204.0,8.6,9.3,8.5,8.5,9.0
Kim Min Jung,Pandora: Beneath the Paradise,16.0,62.0,5798.0,2202.0,7.0,7.0,5.4,3.4,6.7
Son Geun Joo,Queen of Masks,16.0,80.0,6516.0,5979.0,7.0,7.4,6.7,5.3,6.8
Lee Hae Ri,Queen of Masks,16.0,80.0,6516.0,5979.0,7.0,7.4,6.7,5.3,6.8
Park Pil Joo,Confession,16.0,60.0,903.0,1187.0,9.0,9.1,7.8,8.0,8.9
Yeon Sang Ho,The Beauty Inside,16.0,70.0,880.0,88.0,6.8,8.6,7.9,4.8,7.0
Ryu Yong Jae,The Beauty Inside,16.0,70.0,880.0,88.0,6.8,8.6,7.9,4.8,7.0
Han Ji Wan,Baek Hee Has Returned,4.0,63.0,4160.0,3899.0,7.9,8.9,6.9,6.2,8.0
Team Wol Pi Dong,Fight for My Way,16.0,60.0,513.0,21.0,8.2,9.1,8.5,8.2,8.6
Ha Yoon Ah,Feel Good to Die,32.0,35.0,3694.0,1605.0,8.2,8.9,8.1,7.4,8.3
Choi Young Woo,Love (ft. Marriage and Divorce),16.0,70.0,8421.0,1788.0,5.8,7.6,6.3,3.7,4.9
Choi Yeon Seo,Love (ft. Marriage and Divorce),16.0,70.0,8421.0,1788.0,5.8,7.6,6.3,3.7,4.9
Heo Sung Hye,Love (ft. Marriage and Divorce) Season 3,16.0,70.0,8498.0,4249.0,3.7,6.9,6.0,3.4,3.8
Kim Seong Jin,Love in the Moonlight,18.0,59.0,1186.0,76.0,8.4,9.6,8.6,8.6,8.9
Koo Ji Won,Extraordinary You,32.0,35.0,750.0,30.0,7.0,8.5,7.8,5.4,7.5
Park Chae Woon,Woo Ri the Virgin,14.0,70.0,9060.0,902.0,2.0,4.0,3.8,1.0,1.9
Noh Hee Kyung,Class of Lies,16.0,70.0,866.0,467.0,7.9,8.8,8.3,5.5,7.8
Park Hae Young,Doctor Lawyer,16.0,63.0,2308.0,1363.0,8.0,8.2,7.6,5.5,7.9
Lee Byung Hun,Big Issue,32.0,35.0,2592.0,2601.0,7.0,7.8,7.2,5.3,6.8
Kim Yool,Big Issue,32.0,35.0,2592.0,2601.0,7.0,7.8,7.2,5.3,6.8
J,Big Issue,32.0,35.0,2592.0,2601.0,7.0,7.8,7.2,5.3,6.8
Shin Yi Won,The K2,16.0,60.0,1479.0,36.0,7.1,8.5,7.7,4.9,7.6
Ha Myung Hee,The Scholar Who Walks the Night,20.0,60.0,3214.0,296.0,6.1,7.2,6.0,4.8,6.5
Park Ran,"Fly, Again",10.0,30.0,6222.0,4896.0,5.5,8.0,7.0,2.0,7.5
Park Ja Kyung,"Fly, Again",10.0,30.0,6222.0,4896.0,5.5,8.0,7.0,2.0,7.5
Kim Yu Jin,"Fly, Again",10.0,30.0,6222.0,4896.0,5.5,8.0,7.0,2.0,7.5
Park Young,Local Hero,16.0,65.0,7343.0,1656.0,7.2,7.2,6.8,4.9,6.9
Soo Hugh,A Love So Beautiful,24.0,20.0,3468.0,340.0,8.0,7.8,8.0,6.1,7.3
Jung Soo Yoon,Ga Doo Ri’s Sushi Restaurant,12.0,18.0,2976.0,1790.0,6.7,8.2,7.2,6.7,7.4
Ahn Sae Bom,Island Part 2,6.0,45.0,2248.0,1060.0,7.2,8.9,7.5,5.6,7.6
Tak Jae Young,Jinxed at First,16.0,70.0,6873.0,914.0,4.8,6.1,5.4,2.2,5.0
Choi Soo Young,Island,6.0,55.0,1646.0,326.0,7.0,8.6,7.5,6.6,7.8
Lee Ji Hyun,Vagabond,16.0,70.0,502.0,74.0,7.7,9.3,8.1,5.7,7.4
Shin Kwang Ho,Semantic Error,8.0,25.0,1241.0,148.0,8.5,9.1,8.8,9.4,9.2
Lee Choon Woo,Semantic Error,8.0,25.0,1241.0,148.0,8.5,9.1,8.8,9.4,9.2
Kim Bo Gyeom,Bloodhounds,8.0,60.0,261.0,444.0,7.2,9.0,7.4,5.8,7.8
Yoon Hyun Ho,Poetry Story,10.0,5.0,47043.0,13713.0,10.0,10.0,9.5,10.0,10.0
Han Sul Hee,A DeadbEAT's Meal,12.0,25.0,45879.0,8452.0,9.0,10.0,8.0,9.5,9.0
Hong Bo Hee,A DeadbEAT's Meal,12.0,25.0,45879.0,8452.0,9.0,10.0,8.0,9.5,9.0
Im Sung Han,Oh! Youngsim,10.0,50.0,8020.0,2632.0,6.1,6.5,5.8,5.1,5.5
Kim Min Sook,We Broke Up,10.0,15.0,6979.0,1712.0,7.3,8.2,8.5,7.1,8.1
Park Gye Hyung,Radio Romance,16.0,70.0,5123.0,219.0,5.2,6.9,6.5,4.2,5.7
Team Wol Pi Dong,Lies Hidden in My Garden,8.0,60.0,3381.0,1843.0,7.5,8.9,8.2,5.9,7.7
Kim Hyun Jung,Extracurricular,10.0,55.0,682.0,96.0,7.6,8.7,7.3,6.0,7.7
Kim Yoo Jung,Glitch,10.0,53.0,5763.0,1297.0,7.6,9.2,6.5,5.6,7.3
Park Eun Young,Irish Uppercut,8.0,15.0,48244.0,10048.0,8.5,10.0,9.0,7.0,8.5
Park Hee Kwon,Irish Uppercut,8.0,15.0,48244.0,10048.0,8.5,10.0,9.0,7.0,8.5
Yoo Young Ah,Chicago Typewriter,16.0,70.0,251.0,126.0,8.9,9.3,9.5,8.2,9.2
Lee Soo Yeon,"Kill Me, Heal Me",20.0,62.0,232.0,29.0,8.5,9.0,8.8,8.0,8.7
Jason,Super Family,40.0,35.0,2710.0,5802.0,10.0,10.0,6.8,8.5,9.0
Kwon Do Eun,Out of Breath,3.0,14.0,3357.0,3090.0,9.8,9.8,6.8,8.1,9.1
Sun Young,She Makes My Heart Flutter,5.0,13.0,960.0,3178.0,9.2,9.3,8.7,9.5,9.3
Park Pil Joo,Hunted,4.0,69.0,5181.0,5925.0,7.0,9.0,8.7,4.0,7.5
Lee Yeon Joo,Happy Home,51.0,70.0,6834.0,4878.0,6.5,8.0,4.8,5.5,7.2
Lee Ha Na,Today's Webtoon,16.0,70.0,2468.0,616.0,6.2,8.2,6.8,4.0,6.6
Park Sun Jae,When I Was the Most Beautiful,32.0,35.0,8523.0,1715.0,6.5,9.4,7.5,5.0,7.6
Seo Joon Bum,Oh My Ladylord,16.0,80.0,8778.0,1127.0,3.6,7.8,6.1,2.0,5.1
Seol Yi Na,Are You Human Too?,36.0,35.0,1024.0,99.0,8.0,8.8,7.8,7.6,8.1
Kwon Il Yong,Are You Human Too?,36.0,35.0,1024.0,99.0,8.0,8.8,7.8,7.6,8.1
Kim Hyun Jung,My Heart Twinkle Twinkle,26.0,70.0,7768.0,4032.0,7.9,8.9,6.1,6.6,8.1
Kim Sa Ra,Curtain Call,16.0,60.0,3637.0,1853.0,7.3,8.5,7.0,5.0,7.5
Kim Eun Hee,More Than Friends,16.0,68.0,6674.0,611.0,5.0,7.7,7.1,3.8,5.2
Hwang  Gyung Sung,The Hymn of Death,6.0,35.0,945.0,300.0,8.5,8.9,8.8,7.0,8.3
Kim Kyung Hee,She Was Pretty,16.0,60.0,1933.0,32.0,7.6,8.6,7.9,6.0,7.8
Han Yoon Sun,Jugglers,16.0,63.0,3687.0,726.0,6.2,7.5,6.8,5.3,6.5
Park Eun Kyo,Moon Lovers: Scarlet Heart Ryeo,20.0,60.0,223.0,16.0,7.4,9.0,8.5,6.8,7.9
Kim Joo Hee,Introverted Boss,16.0,70.0,3305.0,109.0,5.9,7.5,8.0,4.9,6.8
Moon Jung Min,"Meow, the Secret Boy",24.0,35.0,4884.0,371.0,6.9,8.5,8.7,6.0,7.3
Seo Jae Won,Revolutionary Love,16.0,70.0,5940.0,519.0,6.8,8.9,8.2,6.0,7.5
Kwon So Ra,Revolutionary Love,16.0,70.0,5940.0,519.0,6.8,8.9,8.2,6.0,7.5
Yoo Hyun Mi,The World of the Married,16.0,80.0,660.0,222.0,7.8,9.3,8.3,5.5,8.0
Oh Ji Hyun,When My Love Blooms,16.0,60.0,3073.0,897.0,8.1,8.9,7.5,5.9,8.0
Seok Bo Bae,One Fine Week,10.0,13.0,2361.0,1485.0,7.5,8.2,7.1,6.5,8.0
Kim Sae Bom,Racket Boys,16.0,75.0,178.0,461.0,8.4,9.2,7.8,7.8,8.8
Lee Eun Joo,Justice,32.0,35.0,3485.0,2382.0,8.2,8.8,8.2,6.8,8.1
Lee Jung Woo,School 2017,16.0,60.0,1462.0,110.0,8.0,9.0,8.3,7.4,8.4
Park Ji Sook,Sassy Go Go,12.0,60.0,1575.0,145.0,8.1,9.4,8.2,7.5,8.6
Jeon Seon Young,On the Verge of Insanity,16.0,70.0,1700.0,3286.0,8.6,9.3,7.8,7.8,8.6
Son Se Dong,Let's Hold Hands Tightly and Watch The Sunset,32.0,35.0,8734.0,6805.0,2.0,2.0,1.0,1.0,2.0
Lee Na Eun,Miss Monte-Cristo,100.0,35.0,8484.0,5184.0,3.5,5.1,4.8,2.0,3.3
Min Ji Young,Five Enough,54.0,70.0,955.0,1376.0,8.8,9.2,8.1,7.9,8.8
Lim Min Young,Five Enough,54.0,70.0,955.0,1376.0,8.8,9.2,8.1,7.9,8.8
Han Bo Kyung,Assembly,20.0,62.0,4927.0,5731.0,6.8,6.7,6.0,6.3,6.8
Kwon Soon Gyu,The Nokdu Flower,48.0,35.0,985.0,1515.0,9.5,9.5,9.0,8.0,9.3
Dong Hee Seon,Oasis,16.0,70.0,4053.0,1519.0,7.8,9.0,8.3,7.1,7.9
Jo Ah Ra,Oasis,16.0,70.0,4053.0,1519.0,7.8,9.0,8.3,7.1,7.9
Bang Soo In,Bravo My Life,56.0,30.0,5901.0,7614.0,6.9,7.2,6.5,4.7,6.5
Choi Gyu Seok,The Best Moment To Quit Your Job,8.0,45.0,4652.0,4794.0,7.8,8.9,7.1,5.6,7.6
Baek Seung Hwa,Little Women,12.0,75.0,425.0,212.0,7.7,8.8,8.2,6.2,7.7
Jang Kyung Rim,Hanging On,10.0,30.0,3957.0,7230.0,9.1,9.6,8.4,8.6,9.1
Park Noo Ri,Hope or Dope,10.0,35.0,2748.0,2064.0,8.2,8.4,8.1,7.4,7.9
Kim Hong Ik,Hope or Dope,10.0,35.0,2748.0,2064.0,8.2,8.4,8.1,7.4,7.9
Choi Sung Jin,Hope or Dope,10.0,35.0,2748.0,2064.0,8.2,8.4,8.1,7.4,7.9
Je In,Hope or Dope 2,8.0,30.0,2477.0,3553.0,8.8,9.6,7.0,6.1,8.5
Jung Hae Ri,IN-SEOUL,15.0,15.0,4493.0,3720.0,6.9,7.9,6.8,4.1,7.0
Kim Ji Woon,IN-SEOUL Season 2,12.0,15.0,3273.0,4810.0,8.5,8.8,6.8,8.0,8.3
Frantz,Let Me Off the Earth,45.0,13.0,5153.0,3435.0,8.1,8.7,8.8,6.7,8.1
Jung Yoon Jung,You I Didn't Know,3.0,8.0,56424.0,14907.0,8.0,8.0,8.0,8.0,8.0
Lee Jae Yoon,Bitch X Rich,10.0,35.0,5659.0,1731.0,7.0,8.5,6.2,4.5,7.0
Shin Seo Ha,Room No. 9,16.0,65.0,3404.0,1990.0,8.8,9.1,6.3,7.6,8.4
Hae Yeon,Room No. 9,16.0,65.0,3404.0,1990.0,8.8,9.1,6.3,7.6,8.4
Seo Jung Eun,Room No. 9,16.0,65.0,3404.0,1990.0,8.8,9.1,6.3,7.6,8.4
Yoo So Won,Room No. 9,16.0,65.0,3404.0,1990.0,8.8,9.1,6.3,7.6,8.4
Han Sang Woon,Dating Class,16.0,15.0,2941.0,2258.0,8.7,8.4,7.6,7.8,8.2
Ko Yeong Jae,Doctor Cha,16.0,60.0,1709.0,765.0,5.2,8.0,6.0,4.1,5.5
Sung Cho Yi,Item,32.0,35.0,6248.0,1692.0,5.8,6.9,5.2,3.9,5.8
Lee Jin Mae,Save Me,16.0,60.0,473.0,117.0,8.5,9.2,7.8,6.5,8.6
Choi Jong Gil,Marriage Contract,16.0,75.0,1999.0,544.0,8.2,9.5,8.4,7.8,8.6
Kim Eun Hee,Family: The Unbreakable Bond,12.0,80.0,4769.0,1361.0,5.1,7.7,6.7,3.2,5.9
Wi So Young,That Man Oh Soo,16.0,50.0,8175.0,1165.0,4.4,6.1,5.6,2.2,4.8
Jang Joo Yeon,Idol: The Coup,12.0,85.0,1647.0,1566.0,8.5,9.1,9.2,8.3,8.8
Han Ka Ram,Fates & Furies,40.0,30.0,5869.0,2621.0,8.8,9.3,7.8,7.9,8.8
Kim Ba Da,Where Stars Land,32.0,30.0,2683.0,283.0,7.2,8.1,7.5,4.8,6.5
Yoo Bo Ra,Mute,4.0,15.0,5769.0,4255.0,7.2,7.5,7.6,7.2,7.6
Han Hee Jung,Sketch,16.0,80.0,3497.0,1741.0,8.0,8.6,7.8,6.4,7.7
Han Soo Ji,How Are You Bread,5.0,42.0,8776.0,1901.0,5.3,6.7,6.7,4.4,5.8
Moon Woo Young,"Sweet Home, Sweet Honey",129.0,35.0,8416.0,6822.0,7.3,7.0,5.5,4.4,6.5
Kim Ji Wan,Big Bet,8.0,60.0,5129.0,3530.0,8.2,10.0,8.3,6.5,8.2
Kim Sa Kyung,Angry Mom,16.0,70.0,1089.0,379.0,8.7,9.2,7.7,7.1,8.6
Cho Hyun Hoon,Special Labor Inspector Jo,32.0,35.0,1449.0,2350.0,8.7,9.5,7.5,8.5,9.1
Son Eun Hye,Crazy Love,16.0,65.0,1153.0,333.0,9.4,9.7,9.2,9.1,9.6
Kim Yoon,D.P. Season 2,6.0,50.0,164.0,1084.0,8.0,9.5,8.8,6.8,8.4
Park Seok Ho,The King of the Desert,6.0,26.0,7005.0,7595.0,8.2,9.2,6.8,4.7,8.2
Song Jae Jung,Tempted,32.0,35.0,4677.0,103.0,5.4,7.0,6.0,3.1,5.7
Kim Yoon Joo,Tempted,32.0,35.0,4677.0,103.0,5.4,7.0,6.0,3.1,5.7
Kim Kyung Ran,Tempted,32.0,35.0,4677.0,103.0,5.4,7.0,6.0,3.1,5.7
Hwang Dong Hyuk,May It Please the Court,12.0,65.0,1116.0,2159.0,9.3,9.8,8.6,8.4,9.3
Kim Ji Hye,Level Up,12.0,60.0,6827.0,1556.0,6.9,7.5,6.0,4.2,6.8
Mo Ji Hye,Ghost Doctor,16.0,70.0,341.0,345.0,8.6,8.9,7.5,7.4,8.5
Yang Joo Hyun,Kingdom,6.0,51.0,146.0,113.0,8.2,8.4,7.4,7.6,8.1
Kim Young Young,Kingdom Season 2,6.0,45.0,80.0,252.0,9.2,9.3,7.9,7.9,8.9
Shin Ha Eun,Live Up to Your Name,16.0,70.0,1163.0,454.0,8.7,9.8,9.0,7.9,8.9
Kim Bo Tong,The Golden Spoon,16.0,80.0,1903.0,658.0,7.7,9.0,8.1,5.6,7.5
Kim Tae Joo,Nobody Knows,16.0,70.0,414.0,738.0,9.5,9.8,9.5,8.7,9.4
Seo Hyun Joo,Sweet Stranger and Me,16.0,60.0,6243.0,648.0,6.8,7.8,6.6,4.6,6.4
Moon Jung Min,So I Married an Anti-Fan,16.0,62.0,2233.0,185.0,6.8,7.8,7.2,5.6,7.2
Yoon Hee Jung,Goblin,16.0,82.0,131.0,1.0,6.3,8.2,8.3,4.2,6.5
Yamaoka Junpei,The King: Eternal Monarch,16.0,70.0,1637.0,43.0,6.7,8.5,8.0,6.2,7.3
Lee Young Sook,Call It Love,16.0,70.0,784.0,602.0,8.6,9.5,8.4,7.8,8.9
Hwang Soon Young,Solomon's Perjury,12.0,60.0,1345.0,944.0,8.7,8.8,8.4,7.4,8.5
Lee Mi Na,All the Liquors,8.0,19.0,7436.0,1232.0,6.0,7.1,6.6,4.2,6.2
Moon Yoo Seok,Love Returns,120.0,35.0,6053.0,4170.0,6.2,7.6,6.2,4.0,6.5
Lee Jung Min,Individual Circumstances,8.0,17.0,7893.0,1220.0,5.5,6.5,6.3,4.4,5.9
Choi Yo Ji,Her Private Life,16.0,75.0,808.0,27.0,8.9,9.8,9.2,8.8,9.1
Lee Ji Eum,The Goddess of Revenge,16.0,62.0,4161.0,2907.0,7.0,7.8,6.0,5.2,6.7
Jung Do Yoon,Dear My Room,12.0,54.0,3988.0,3039.0,8.3,8.9,7.6,7.2,8.3
Jung Won,Falsify,32.0,35.0,2426.0,1993.0,8.8,9.2,8.4,7.4,8.6
Ma Jin Won,Tracer,8.0,60.0,2554.0,2088.0,7.4,7.8,7.0,6.4,6.9
Seo Eun Jung,Tracer Season 2,8.0,70.0,2895.0,4910.0,6.7,6.8,6.0,5.3,6.5
Baek Ji Hyun,Tracer Season 2,8.0,70.0,2895.0,4910.0,6.7,6.8,6.0,5.3,6.5
Lee Woo Jung,Sweet Home,10.0,52.0,229.0,59.0,7.5,9.2,6.4,7.4,7.8
Myung Soo Hyun,Shady Mom-in-Law,123.0,32.0,56158.0,11086.0,5.2,4.0,4.5,2.7,4.3
Im Sung Han,Three Bold Siblings,51.0,70.0,6748.0,3843.0,7.3,8.5,6.3,6.2,7.7
Kim Soon Ok,Enemies from the Past,123.0,35.0,4761.0,7589.0,5.8,6.8,4.2,3.2,5.0
Jung Bo Hoon,Lost,16.0,70.0,557.0,1101.0,9.2,9.5,9.0,9.1,9.1
Baek Sun Woo,Birthcare Center,8.0,65.0,751.0,1471.0,9.2,9.3,8.7,8.1,9.0
Choi Bo Rim,Birthcare Center,8.0,65.0,751.0,1471.0,9.2,9.3,8.7,8.1,9.0
Ryoo Sol Ah,Timing,4.0,15.0,3064.0,4980.0,9.2,9.2,7.9,6.9,8.8
Yoon Ji Ryun,TV Novel: That Sun in the Sky,121.0,36.0,51032.0,15604.0,6.0,6.0,5.8,1.0,6.0
Im Me Ah Ri,Doctor John,32.0,35.0,495.0,282.0,7.4,8.8,7.3,5.8,7.5
Baek Mi Kyung,"Hyde, Jekyll, Me",20.0,60.0,5881.0,308.0,6.2,7.3,6.1,5.0,6.4
Kim Do Won,Melancholia,16.0,70.0,3816.0,755.0,8.9,9.6,9.2,7.7,9.2
Kim Min Jung,Circle,12.0,65.0,600.0,401.0,9.3,9.2,8.0,8.6,9.0
Choi Sun Young,Circle,12.0,65.0,600.0,401.0,9.3,9.2,8.0,8.6,9.0
Lee Kang,Decoy: Part 2,6.0,58.0,3220.0,5905.0,8.0,8.0,1.0,1.0,8.0
Kim Ji Soo,Dinner Mate,32.0,35.0,2224.0,636.0,7.1,8.7,8.3,5.2,7.1
Park Chul,Dinner Mate,32.0,35.0,2224.0,636.0,7.1,8.7,8.3,5.2,7.1
Jung Yi Do,Short,4.0,50.0,3591.0,3590.0,7.9,8.5,8.0,7.8,8.3
Kim Eun Jung,Good Job,12.0,60.0,2540.0,1073.0,7.0,8.1,7.5,5.8,7.5
Nam Ji Yeon,Good Job,12.0,60.0,2540.0,1073.0,7.0,8.1,7.5,5.8,7.5
Joo Chan Ok,Yonder,6.0,30.0,5436.0,3812.0,8.4,9.1,8.2,7.0,8.7
Jung Hye Eun,Suits,16.0,60.0,1633.0,573.0,8.2,8.9,7.0,6.4,7.9
Song Ja Hun,Suits,16.0,60.0,1633.0,573.0,8.2,8.9,7.0,6.4,7.9
Baek Chul Hyun,Suits,16.0,60.0,1633.0,573.0,8.2,8.9,7.0,6.4,7.9
Ha Soo Jin,Brilliant Heritage,122.0,30.0,5955.0,7996.0,5.7,5.3,4.7,3.7,5.3
Jung Yeon Seo,Brilliant Heritage,122.0,30.0,5955.0,7996.0,5.7,5.3,4.7,3.7,5.3
Lee Young Hwa,Brilliant Heritage,122.0,30.0,5955.0,7996.0,5.7,5.3,4.7,3.7,5.3
Seo In,The Man's Voice,8.0,30.0,6971.0,4024.0,4.8,7.2,4.6,3.6,4.9
Nam Sun Hye,Always Springtime,122.0,35.0,57994.0,14657.0,2.5,2.5,1.0,1.0,2.5
Oh Sang Ho,I Wanna Hear Your Song,32.0,35.0,5451.0,1125.0,7.0,8.2,7.8,5.5,7.3
Lee Ji Hyun,I Wanna Hear Your Song,32.0,35.0,5451.0,1125.0,7.0,8.2,7.8,5.5,7.3
Yook Shi Mon,Juvenile Justice,10.0,62.0,380.0,424.0,8.4,9.5,9.0,6.6,8.6
Eun Seon Woo,Cheese in the Trap,16.0,65.0,6219.0,38.0,6.4,8.8,8.2,5.7,7.0
Hwang Da Seul,My First First Love,8.0,50.0,3884.0,129.0,6.8,8.5,6.8,4.9,6.9
Jo Jin Kook,My First First Love Season 2,8.0,50.0,3871.0,292.0,6.3,7.9,7.3,5.2,6.7
Park Kye Ok,Race,12.0,58.0,6265.0,4178.0,7.5,8.3,7.8,6.3,6.7
Lee Eun Mi,Blow Breeze,53.0,75.0,7928.0,4718.0,1.8,3.7,1.7,1.0,2.0
Moon Young Nam,A-Teen Season 2,20.0,15.0,2232.0,888.0,7.9,8.7,8.6,6.7,8.2
Lee Ah Yeon,Bad and Crazy,12.0,70.0,423.0,171.0,6.5,8.3,7.2,5.8,7.0
Seo Bo Ra,Bad and Crazy,12.0,70.0,423.0,171.0,6.5,8.3,7.2,5.8,7.0
Park Sun Jae,Fluttering Warning,16.0,65.0,8659.0,2097.0,5.4,7.1,6.0,3.1,5.4
Eo Seo Jin,Fluttering Warning,16.0,65.0,8659.0,2097.0,5.4,7.1,6.0,3.1,5.4
Han Song Yi,The Family Is Coming,20.0,60.0,7995.0,4289.0,7.8,8.2,6.0,6.0,8.0
Min Ji,Love Is for Suckers,16.0,60.0,5604.0,1080.0,6.3,7.8,6.1,4.4,6.9
Lee Sae Bom,The Guardians,32.0,35.0,978.0,520.0,8.7,9.5,9.4,6.7,8.9
Ahn Hye Jin,The Guardians,32.0,35.0,978.0,520.0,8.7,9.5,9.4,6.7,8.9
Park Jae Bum,"Yeah, That's How It Is",54.0,75.0,5037.0,5827.0,7.7,8.2,5.4,5.6,7.8
Kim Sang Yoon,Beyond Evil,16.0,65.0,183.0,173.0,8.2,9.3,8.2,6.6,8.5
Kim Soon Ok,Mad Dog,16.0,60.0,759.0,359.0,8.8,9.6,8.9,7.8,8.8
Kim Soo Jin,My Only Love Song,20.0,30.0,3414.0,594.0,6.5,7.0,6.8,5.8,6.6
Yoo Song Yi,The Best Ending,8.0,12.0,3709.0,2852.0,7.7,8.0,7.7,6.3,7.8
Jeon Chan Ho,W.H.Y.,10.0,12.0,2502.0,1739.0,8.8,9.0,9.0,6.7,8.5
Lee Je In,W.H.Y.,10.0,12.0,2502.0,1739.0,8.8,9.0,9.0,6.7,8.5
Jung Hye Won,Band of Sisters,68.0,65.0,3706.0,4690.0,5.2,8.0,6.3,3.0,5.8
Han Ji Hoon,My Daughter Geum Sa Wol,51.0,75.0,7719.0,4550.0,4.0,6.2,4.2,1.0,4.5
Park Eun Woo,The Last Empress,52.0,35.0,2012.0,474.0,6.9,8.5,7.5,4.9,7.0
Hong Kyung Sil,The Penthouse Season 3: War in Life,14.0,75.0,1799.0,525.0,5.1,9.5,7.4,4.1,6.0
Chun Sung Il,The Penthouse: War in Life,21.0,85.0,190.0,162.0,7.5,8.3,7.3,5.3,7.5
Im Sung Han,Bad Papa,32.0,35.0,4247.0,3398.0,7.2,8.4,6.5,4.0,7.2
Park Young,A Beautiful Mind,14.0,60.0,1265.0,438.0,9.2,9.4,9.1,8.6,9.2
Choi Soo Young,Designated Survivor: 60 Days,16.0,74.0,400.0,937.0,8.5,9.1,8.0,7.1,8.4
Ha Chung Ok,Kiss Goblin,12.0,12.0,2514.0,686.0,8.6,8.2,8.1,7.5,8.5
Min Ji Young,Avengers Social Club,12.0,66.0,415.0,887.0,9.1,9.4,8.1,8.0,8.8
Park Sun Jae,Flower Crew: Joseon Marriage Agency,16.0,70.0,3188.0,785.0,8.2,8.8,7.5,6.9,8.0
Jang Yoo Yeon,Not a Robot,12.0,12.0,5260.0,3693.0,9.0,9.8,8.8,9.0,9.5
Jung Hyun Jung,Duel,16.0,63.0,703.0,854.0,8.5,9.5,7.6,7.6,8.5
Hwang Da Seul,Find Me in Your Memory,32.0,35.0,1267.0,321.0,7.2,8.7,8.4,6.1,7.5
Park Sung Hoon,My Strange Hero,32.0,35.0,1684.0,196.0,6.8,8.9,7.5,5.6,7.6
Park So Jin,Arthdal Chronicles Part 1: The Children of Prophecy,6.0,80.0,466.0,315.0,8.5,9.5,8.4,7.5,8.5
Kim Hyung Min,"Arthdal Chronicles Part 2: The Sky Turning Inside Out, Rising Land",6.0,81.0,201.0,514.0,9.2,9.7,8.8,8.6,9.2
Park Shi Hyun,Love Is Drop by Drop,120.0,35.0,6139.0,6834.0,4.5,5.0,3.0,2.0,4.5
Park Kye Ok,Lovers of the Red Sky,16.0,70.0,1413.0,372.0,6.5,7.0,7.2,5.1,6.2
Choi Ah Il,Lovers of the Red Sky,16.0,70.0,1413.0,372.0,6.5,7.0,7.2,5.1,6.2
Kim Jung Min,The Temperature of Language: Our Nineteen,16.0,23.0,3006.0,1634.0,9.0,9.1,7.8,6.8,9.0
Kim Hee Won,Mistress,12.0,60.0,1822.0,1811.0,8.8,8.5,8.3,5.7,8.3
Lee Shi Eun,Dr. Brain,6.0,60.0,2458.0,2068.0,7.9,9.2,8.2,7.7,8.4
Seong Do Joon,"Bravo, My Life",120.0,30.0,4233.0,4883.0,8.2,9.0,8.0,5.5,8.5
Lee Sung Min,Amanza,10.0,15.0,769.0,2803.0,8.7,9.4,8.4,7.1,8.9
Shin Yoo Dam,Bargain,6.0,36.0,6747.0,3602.0,8.0,9.2,6.2,5.6,7.0
Kim Sae Bom,Desperate Mr. X,6.0,38.0,48231.0,7674.0,7.5,7.5,1.0,4.5,7.5
Yeo Ji Na,Desperate Mr. X,6.0,38.0,48231.0,7674.0,7.5,7.5,1.0,4.5,7.5
Kim Hyo Jin,Part-Time Idol,5.0,32.0,6297.0,1511.0,7.8,7.5,7.6,5.2,7.2
Bang Yoo Jung,The Secret Romantic Guesthouse,18.0,70.0,1308.0,1285.0,8.7,8.9,7.8,6.9,8.5
Kim Ji Soo,Suspicious Partner,40.0,30.0,1027.0,26.0,8.0,9.2,8.2,7.0,8.2
Park Sang Gyu,One Ordinary Day,8.0,70.0,486.0,541.0,8.3,9.6,7.6,6.2,8.0
Lee Yoo Jin,Narco-Saints,6.0,62.0,1816.0,1675.0,7.9,8.9,7.4,5.7,7.5
Lee Soo Hyun,Love in Time,6.0,20.0,7962.0,5095.0,8.0,8.5,8.0,6.5,8.0
Kim Soon Ok,Come and Hug Me,32.0,35.0,810.0,178.0,7.5,8.8,7.9,6.2,7.7
Lee Ji Min,"Poong, the Joseon Psychiatrist",12.0,75.0,2243.0,1474.0,8.7,9.2,8.9,7.5,8.5
Park Hye Ryun,"Poong, the Joseon Psychiatrist Season 2",10.0,75.0,2344.0,3169.0,7.7,8.3,7.3,5.8,7.4
Goo Mo,Positive Physique,6.0,10.0,6715.0,1475.0,6.3,8.7,6.8,7.2,7.2
Go Myung Joo,Positive Physique,6.0,10.0,6715.0,1475.0,6.3,8.7,6.8,7.2,7.2
Kang Dong Hee,The Heavenly Idol,12.0,70.0,4226.0,436.0,5.0,6.8,5.9,4.5,5.4
Go Bong Hwang,"Bring It On, Ghost",16.0,60.0,1521.0,80.0,7.7,8.2,7.1,5.8,7.5
Yoo Sung Yeol,Secrets and Lies,122.0,35.0,58939.0,9884.0,4.6,5.6,4.6,3.5,4.8
Oh Ji Young,The Witch's Game,119.0,35.0,55701.0,6367.0,3.5,5.8,7.2,1.0,3.8
Han Woo Ri,A Place in the Sun,102.0,35.0,6662.0,4936.0,8.0,8.0,5.8,6.3,7.7
Hwang Da Eun,Navillera,12.0,65.0,64.0,243.0,8.9,9.4,8.9,8.7,9.0
Jo Seung Hee,To All The Guys Who Loved Me,32.0,35.0,7640.0,1357.0,5.7,7.7,6.3,3.2,6.0
Chung Se Rang,"I'm a Mother, Too",124.0,40.0,45147.0,12268.0,6.2,6.0,4.2,2.0,5.8
Baek Eun Jin,My Mother Is a Daughter-In-Law,136.0,40.0,44090.0,14364.0,10.0,10.0,10.0,10.0,10.0
Kim Do Yeon,Remarriage and Desires,8.0,60.0,1728.0,1003.0,7.4,8.5,8.8,5.0,7.5
Ahn Eun Bin,Remarriage and Desires,8.0,60.0,1728.0,1003.0,7.4,8.5,8.8,5.0,7.5
Choi Yi Ryun,Remarriage and Desires,8.0,60.0,1728.0,1003.0,7.4,8.5,8.8,5.0,7.5
Yoon Kyung Ah,Rookie Cops,16.0,60.0,925.0,504.0,8.2,8.8,8.4,7.6,8.5
Yoon Shi So,Beautiful Gong Shim,20.0,60.0,3353.0,351.0,6.7,8.8,7.9,5.2,7.5
Jung Soo Yoon,Reunited Worlds,40.0,35.0,4837.0,1020.0,8.3,8.4,8.1,7.0,8.5
Lee Ye Dam,Reunited Worlds,40.0,35.0,4837.0,1020.0,8.3,8.4,8.1,7.0,8.5
Chae Ye Won,Reunited Worlds,40.0,35.0,4837.0,1020.0,8.3,8.4,8.1,7.0,8.5
Hwang  Gyung Sung,Recipe for Farewell,12.0,32.0,636.0,3744.0,9.8,9.8,9.4,9.1,9.6
Lee Jung Dae,Soul Mechanic,32.0,35.0,3114.0,1421.0,8.7,9.2,8.1,7.0,8.4
Ha Myung Hee,The Running Mates: Human Rights,14.0,60.0,6271.0,6445.0,6.8,8.0,5.7,5.1,6.3
Kim Ji Eun,"TV Novel: Waves, Waves",143.0,35.0,59249.0,15772.0,4.7,4.3,2.5,1.0,4.2
Kwak Kyung Yoon,Doubtful Victory,40.0,30.0,5403.0,2370.0,5.3,7.3,7.3,3.2,5.8
Kwak Jae Min,The Interest of Love,16.0,70.0,8348.0,1024.0,4.9,7.4,8.0,2.9,4.8
Ryu Bo Ri,A Model Family,10.0,45.0,5614.0,2567.0,8.5,9.6,8.1,6.2,7.9
Ban Ki Ri,Manhole,16.0,60.0,7573.0,1449.0,7.2,7.4,5.6,4.8,6.8
Jung So Young,Manhole,16.0,60.0,7573.0,1449.0,7.2,7.4,5.6,4.8,6.8
Kim Kyu Won,Secret Royal Inspector & Joy,16.0,60.0,2898.0,807.0,7.5,8.3,7.5,5.6,7.7
Jo Hyun Kyung,A Superior Day,8.0,60.0,8314.0,2756.0,4.3,6.6,5.4,3.3,4.7
Sung So Eun,The Spies Who Loved Me,16.0,70.0,5276.0,1200.0,6.8,7.8,6.5,5.7,7.0
Lee Soo Yeon,Chimera,16.0,65.0,1595.0,1661.0,8.6,8.8,7.3,7.3,8.2
Jung Sung Bin,Anna: Extended Version,8.0,60.0,2043.0,5495.0,7.9,9.4,8.4,6.4,8.0
Jo Jin Kook,Heart to Heart,16.0,60.0,2650.0,943.0,9.0,9.5,8.6,8.6,9.3
Yoo Jung Hee,My Father Is Strange,52.0,66.0,378.0,381.0,9.2,9.5,8.6,8.5,9.3
Kim Tae Wook,Strongest Deliveryman,16.0,52.0,2923.0,437.0,7.6,8.6,7.8,6.5,7.6
Choi Kyung,"The King of Tears, Lee Bang Won",32.0,60.0,45954.0,6211.0,5.0,8.0,1.0,1.0,4.8
Nam Sang Wook,Youth of May,12.0,70.0,165.0,182.0,10.0,10.0,9.6,9.8,9.9
Park Ga Yun,Chocolate,16.0,65.0,1681.0,448.0,8.0,8.9,8.2,5.6,7.8
Kim Kyung Sun,Uncontrollably Fond,20.0,60.0,1704.0,85.0,7.2,8.1,8.5,4.9,7.5
Park Hyo Yeon,Uncontrollably Fond,20.0,60.0,1704.0,85.0,7.2,8.1,8.5,4.9,7.5
Jung Sung Bin,Bubblegum,16.0,60.0,7163.0,996.0,7.1,8.8,7.1,5.7,6.9
Lee Seung Jin,Jang Young Shil,24.0,62.0,3655.0,5614.0,8.6,9.4,8.1,7.2,8.9
Lee Eun Young,Oh My Geum Bi,16.0,60.0,1152.0,2156.0,9.1,9.4,8.0,7.8,9.0
Choi Jin Won,Failing in Love,10.0,25.0,5308.0,1425.0,8.1,8.8,8.5,7.1,8.0
Hwang  Gyung Sung,Our Beloved Summer,16.0,60.0,226.0,83.0,7.0,8.7,8.2,6.3,7.8
Choi Yo Ji,My Wife’s Having an Affair This Week,12.0,70.0,2831.0,1354.0,8.3,9.5,8.5,7.0,8.7
Jo Yong,Times,12.0,60.0,4073.0,2638.0,7.2,8.5,7.2,4.4,7.2
Son Geun Joo,Dokgo Rewind,20.0,10.0,2144.0,1245.0,6.8,7.2,6.4,5.5,6.8
Jung Soo Yoon,All is Well,102.0,35.0,8144.0,7194.0,3.5,4.0,1.0,1.0,3.5
Kim Hee Won,All is Well,102.0,35.0,8144.0,7194.0,3.5,4.0,1.0,1.0,3.5
Jang Yoo Yeon,Love to the End,104.0,35.0,6685.0,7843.0,9.0,9.0,7.5,6.5,9.0
Kim Eun Jung,Love Playlist,8.0,5.0,2279.0,1492.0,8.7,8.8,7.8,7.7,8.3
Park Seung Hye,Love Playlist Season 3,12.0,13.0,1858.0,2477.0,8.7,8.6,8.2,8.1,8.3
Kim Joo,XX,10.0,25.0,1201.0,880.0,8.8,9.2,8.8,7.1,9.0
Lee Yoo Jin,Was It Love?,16.0,70.0,6690.0,696.0,3.8,6.6,6.7,2.4,5.0
Jung Yoon Sun,Was It Love?,16.0,70.0,6690.0,696.0,3.8,6.6,6.7,2.4,5.0
Hwang Da Seul,True Beauty,16.0,75.0,942.0,23.0,6.0,7.8,7.6,4.2,6.6
Shin Yoo,True Beauty,16.0,75.0,942.0,23.0,6.0,7.8,7.6,4.2,6.6
Shin So Ra,Top Star Yoo Baek,11.0,80.0,4632.0,2485.0,7.2,8.2,7.6,6.8,7.4
Ha Yoon Ah,Hot Stove League,16.0,62.0,254.0,542.0,9.2,9.6,8.1,8.4,9.2
Bang Ji Young,Kairos,16.0,70.0,472.0,741.0,9.2,9.3,8.8,7.6,9.0
Yang Hyuk Moon,Life,16.0,70.0,1897.0,683.0,9.2,9.8,8.2,8.0,9.3
Jo Gyoo Won,Stranger,16.0,70.0,120.0,150.0,8.8,9.4,8.4,7.6,9.0
Lee Hyang Hee,Stranger Season 2,16.0,62.0,394.0,685.0,9.0,9.6,9.3,8.6,9.1
Ahn Seo Jung,On the Way to the Airport,16.0,60.0,3560.0,1714.0,7.9,8.9,8.6,7.0,7.9
Jin Han Sae,Forest,32.0,31.0,2993.0,688.0,7.3,8.3,7.5,5.8,7.5
Park Ji Ha,"Cheat On Me, if You Can",16.0,65.0,2929.0,1314.0,7.3,9.1,8.2,6.4,7.9
Jun Hee Young,Queen of Mystery,16.0,60.0,1311.0,1207.0,8.9,9.4,8.5,7.8,9.0
Yoon Shi So,Hospital Playlist Season 2,12.0,100.0,17.0,161.0,7.8,9.7,8.8,7.1,8.0
Kim Kyung Hee,Reply 1988,20.0,95.0,26.0,41.0,9.5,9.8,9.6,8.9,9.6
Jung Soo Mi,Between Friendship and Love Season 3,12.0,6.0,3416.0,7032.0,9.0,9.5,9.5,10.0,9.5
Kim Ji Suk,Freshman,12.0,5.0,6819.0,4229.0,7.3,9.7,7.0,8.8,8.2
Yoo In Young,Freshman,12.0,5.0,6819.0,4229.0,7.3,9.7,7.0,8.8,8.2
Kim Eun Sook,Stock Struck,12.0,45.0,3947.0,3818.0,7.9,8.4,7.6,7.7,7.9
Yoon Shi So,Money Game,16.0,70.0,2703.0,3740.0,8.0,9.0,8.4,7.4,8.7
Ma Joo Hee,The Witch's Diner,8.0,44.0,1869.0,609.0,7.8,8.5,7.5,6.0,8.0
Do Hyun,Our Dating Sim,8.0,15.0,2185.0,569.0,8.3,9.3,8.3,9.1,9.2
Jung Yoo Ri,Falling for Do Jeon,6.0,13.0,7884.0,1561.0,7.7,8.5,8.4,6.6,8.0
Kim Kyung Soo,Falling for Do Jeon,6.0,13.0,7884.0,1561.0,7.7,8.5,8.4,6.6,8.0
Joo Hyun,Voice,16.0,60.0,492.0,276.0,7.6,8.1,7.4,6.1,7.9
Joo Hwa Mi,Voice Season 2,12.0,60.0,593.0,1004.0,8.5,9.0,8.8,7.2,8.7
Lee Seo Yoon,Voice Season 4: Judgment Hour,14.0,63.0,969.0,1804.0,8.0,8.8,7.4,6.5,7.8
Lee Soo Kyung,Voice Season 4: Judgment Hour,14.0,63.0,969.0,1804.0,8.0,8.8,7.4,6.5,7.8
Lee Sook Yun,Fatal Promise,104.0,36.0,54290.0,7221.0,6.7,7.5,6.0,4.3,6.3
Kim Eun Hee,"Breakup Probation, A Week",10.0,30.0,5198.0,4561.0,6.6,8.4,7.2,5.9,7.2
Lee Woo Jung,The First Responders,12.0,60.0,278.0,962.0,9.0,9.5,8.2,8.4,9.0
Ahn Do Ha,Partners for Justice,32.0,35.0,711.0,971.0,8.1,8.0,7.5,5.7,7.8
Hwang Ha Na,Partners for Justice,32.0,35.0,711.0,971.0,8.1,8.0,7.5,5.7,7.8
Kim Eun Hyang,Leverage,16.0,60.0,1100.0,1473.0,7.0,8.0,6.5,5.5,7.3
Ahn Se Hwa,The Man of My Life,6.0,16.0,6966.0,9790.0,7.0,5.0,7.5,5.5,6.5
Han Ga Ram,User Not Found,22.0,15.0,3203.0,1505.0,7.2,7.0,7.2,5.2,6.9
Kwon Hye Joo,You Raise Me Up,8.0,42.0,3380.0,1419.0,7.6,8.8,8.3,7.0,7.9
Kim Roo Ri,Left-Handed Wife,103.0,35.0,7239.0,4917.0,6.6,6.3,4.8,3.7,6.0
Ko Jae Hong,Extraordinary Attorney Woo,16.0,77.0,60.0,55.0,6.5,8.5,6.6,5.9,7.2
Yeon Sang Ho,Matrimonial Chaos,32.0,35.0,2916.0,2728.0,7.5,8.9,7.4,6.0,7.6
Jung Soo Yoon,Police University,16.0,70.0,2560.0,518.0,6.9,7.8,6.9,5.0,7.0
Ryu Yong Jae,The One and Only,16.0,70.0,2704.0,942.0,7.4,8.9,7.6,5.5,7.9
Kim Hwan Chae,The One and Only,16.0,70.0,2704.0,942.0,7.4,8.9,7.6,5.5,7.9
Choi Sung Joon,The One and Only,16.0,70.0,2704.0,942.0,7.4,8.9,7.6,5.5,7.9
Ko Yeong Jae,Priest,16.0,60.0,2466.0,2010.0,7.4,8.1,7.2,5.9,7.6
Cho Kwang Jin,Spark,12.0,13.0,7989.0,2507.0,7.8,7.9,8.0,6.4,7.4
Lee Sun Young,Abyss,16.0,60.0,3036.0,67.0,4.9,7.3,6.1,3.6,5.5
Lee Seul,Miss Hammurabi,16.0,80.0,1863.0,316.0,8.2,8.6,8.3,7.2,8.0
Lee Ji Hyo,The Devil Judge,16.0,75.0,170.0,165.0,8.0,9.3,8.7,6.6,8.4
Kang Soo Yeon,Liver or Die,40.0,30.0,4859.0,3936.0,6.6,7.9,6.7,4.5,6.8
Wei Jun,Liver or Die,40.0,30.0,4859.0,3936.0,6.6,7.9,6.7,4.5,6.8
Lee Young Mi,Our Gap Soon,61.0,70.0,8023.0,2655.0,6.9,7.6,7.3,5.6,7.2
Kim Hyo Jin,The Love in Your Eyes,123.0,27.0,4136.0,5840.0,6.1,7.8,6.0,4.5,6.1
Kang Eun Kyung,Trap,7.0,70.0,2943.0,2687.0,6.2,7.9,6.1,4.0,6.7
Ahn Ho Kyung,Roommates of Poongduck 304,8.0,25.0,2870.0,570.0,7.3,8.1,7.5,6.9,7.7
Bang Bong Won,Our Blues,20.0,70.0,221.0,331.0,9.8,9.9,9.3,9.2,9.7
Park Joo Yun,The Miracle,12.0,15.0,7958.0,1051.0,7.4,7.8,7.8,5.6,7.6
Park Yeon Sun,I Order You,16.0,20.0,7003.0,1476.0,5.5,7.0,6.1,3.8,6.0
Lee Hyun,I Order You,16.0,20.0,7003.0,1476.0,5.5,7.0,6.1,3.8,6.0
Seo Ja Yeon,I Order You,16.0,20.0,7003.0,1476.0,5.5,7.0,6.1,3.8,6.0
Choi Soo Mi,The Empire,16.0,60.0,7492.0,5693.0,6.1,8.6,5.9,5.4,5.5
Park Ji Eun,Numbers,12.0,60.0,2685.0,1546.0,7.2,8.6,6.6,6.5,7.4
Bang Yoo Jung,Do Do Sol Sol La La Sol,16.0,63.0,4200.0,256.0,5.8,9.0,8.5,4.4,6.7
Han Ji Hoon,Shopping King Louie,16.0,60.0,1510.0,131.0,7.5,8.7,8.4,6.5,8.1
Hong Seung Hee,Gracious Revenge,103.0,33.0,6348.0,7041.0,5.8,6.5,5.0,3.5,5.8
Lee Kyung Hee,Taxi Driver,16.0,65.0,144.0,153.0,7.4,9.2,7.8,5.7,7.8
Ryu Yong Jae,The Silent Sea,8.0,50.0,1562.0,387.0,6.8,8.8,7.5,5.9,7.0
Kim Hwan Chae,The Silent Sea,8.0,50.0,1562.0,387.0,6.8,8.8,7.5,5.9,7.0
Choi Sung Joon,The Silent Sea,8.0,50.0,1562.0,387.0,6.8,8.8,7.5,5.9,7.0
Kim Do Hyun,Hwarang,20.0,60.0,1998.0,45.0,6.3,8.6,8.2,6.2,7.4
Lee Dae II,I Have Not Done My Best Yet,12.0,60.0,4167.0,2798.0,7.4,8.1,8.1,7.0,7.5
Park Sun Jae,The Third Charm,16.0,75.0,8742.0,831.0,7.1,8.8,7.5,5.3,7.4
Oh Sang Hee,Train,12.0,60.0,707.0,653.0,8.7,9.2,8.5,6.7,8.5
Goo Hyun Sook,Sponsor,12.0,56.0,9054.0,3971.0,7.5,7.5,5.2,3.2,5.8
Lee Na Eun,My Mister,16.0,77.0,33.0,106.0,9.8,10.0,10.0,9.5,9.7
Chae Hye Young,Another Miss Oh,18.0,70.0,1317.0,146.0,5.7,7.9,7.0,4.6,6.5
Yoo Sang Young,Another Miss Oh,18.0,70.0,1317.0,146.0,5.7,7.9,7.0,4.6,6.5
Cha Hye Won,Possessed,16.0,65.0,7050.0,1310.0,5.7,9.0,8.5,3.9,6.1
So Won,The Emperor: Owner of the Mask,40.0,30.0,2303.0,592.0,6.4,7.8,8.2,3.9,6.9
Lee Young Joo,The Emperor: Owner of the Mask,40.0,30.0,2303.0,592.0,6.4,7.8,8.2,3.9,6.9
Min Ji Hyung,Delivery Man,12.0,70.0,2881.0,1486.0,7.6,7.1,5.9,4.6,6.9
Won Yoo Jung,Flower of the Queen,50.0,65.0,6954.0,4493.0,4.0,4.5,1.0,1.0,4.0
Jeon Yeong Shin,Flower of the Queen,50.0,65.0,6954.0,4493.0,4.0,4.5,1.0,1.0,4.0
Jung Ah Ra,Blood,20.0,65.0,6410.0,174.0,6.0,6.5,5.8,4.4,6.4
Chae Seung Dae,Good Manager,20.0,60.0,358.0,284.0,9.8,9.9,9.4,9.4,9.8
In Ji Hye,Vincenzo,20.0,85.0,62.0,17.0,6.1,8.2,7.1,3.5,6.2
Song Ha Young,Vincenzo,20.0,85.0,62.0,17.0,6.1,8.2,7.1,3.5,6.2
Baek So Yeon,The Producers,12.0,85.0,5309.0,267.0,7.8,9.2,7.8,6.6,8.2
Im Ye Jin,The Producers,12.0,85.0,5309.0,267.0,7.8,9.2,7.8,6.6,8.2
Bae Yoo Mi,Good Casting,16.0,65.0,2802.0,1487.0,7.6,8.2,7.8,6.1,7.6
Baek Mi Kyung,Person Who Gives Happiness,118.0,35.0,4510.0,6106.0,7.2,8.2,5.9,6.4,7.6
Park Jung Hwa,Uncle,16.0,70.0,1554.0,3101.0,7.5,8.6,7.4,6.2,7.7
Kim Sol Ji,Black Dog,16.0,75.0,1281.0,1717.0,8.5,9.3,8.0,5.9,8.2
Jang Young Chul,Alive,8.0,10.0,5554.0,6362.0,8.2,7.3,6.0,5.8,7.8
Jung Kyung Soon,Alive,8.0,10.0,5554.0,6362.0,8.2,7.3,6.0,5.8,7.8
Lee Hye In,Miss Lee,16.0,65.0,7178.0,5178.0,6.3,9.0,5.0,4.8,5.8
Baek Jung Chul,Miss Lee,16.0,65.0,7178.0,5178.0,6.3,9.0,5.0,4.8,5.8
Heo Seon Hee,Beautiful You,122.0,35.0,59009.0,9865.0,2.0,2.0,1.0,1.0,2.0
Im Sang Choon,Bad Girlfriend,12.0,15.0,8958.0,3262.0,5.5,7.5,6.0,4.8,5.5
Kim Yi Rang,Doctor Prisoner,32.0,35.0,775.0,591.0,8.6,9.5,8.0,6.9,8.5
Ahn Se Hwa,Joseon Exorcist,2.0,70.0,2701.0,2509.0,8.6,8.7,8.2,6.7,8.3
Choi Yo Ji,Whisper,17.0,60.0,3801.0,1517.0,8.2,9.1,6.4,5.9,8.2
Kim Young Hyun,Brain Works,16.0,70.0,2336.0,2219.0,7.6,8.2,6.2,6.8,7.4
Park Sang Yeon,Brain Works,16.0,70.0,2336.0,2219.0,7.6,8.2,6.2,6.8,7.4
Jung Yi Do,Political Fever,12.0,36.0,45911.0,7868.0,7.0,8.0,7.5,5.0,8.5
Seol Joon Seok,Marry Me Now,50.0,70.0,2682.0,2207.0,8.2,9.1,7.9,6.7,8.1
Lee Ah Yeon,Tomorrow,16.0,60.0,95.0,98.0,8.4,9.0,8.5,7.5,8.6
Seo Bo Ra,Tomorrow,16.0,60.0,95.0,98.0,8.4,9.0,8.5,7.5,8.6
Kwon Min Soo,Delayed Justice,20.0,65.0,3691.0,4725.0,9.5,9.4,8.2,7.6,8.7
Park Min Kyung,Delayed Justice,20.0,65.0,3691.0,4725.0,9.5,9.4,8.2,7.6,8.7
Park Jung Bum,The Veil,12.0,70.0,821.0,851.0,8.0,8.8,8.5,6.8,8.2
Kim Na Deul,Behind Every Star,12.0,70.0,4732.0,2503.0,7.1,8.0,7.0,6.0,7.3
Kim Young Young,Andante,16.0,60.0,5941.0,1281.0,6.0,7.2,6.6,4.0,6.2
Ryu Bo Ri,Color Rush,8.0,15.0,4672.0,184.0,6.7,6.7,8.8,5.3,6.9
Kim Min Joo,Color Rush Season 2,8.0,15.0,8132.0,964.0,6.6,8.4,8.2,5.5,7.5
Yoo Hee Kyung,Detective Alice,8.0,15.0,9186.0,5889.0,3.1,4.2,2.7,2.7,3.8
Noh Hye Young,Monchouchou Globalhouse,12.0,10.0,7578.0,5872.0,6.0,5.7,7.7,4.3,6.7
Go Nae Ri,Monchouchou Globalhouse,12.0,10.0,7578.0,5872.0,6.0,5.7,7.7,4.3,6.7
Jung Soo Yoon,Number Six,8.0,15.0,8607.0,5411.0,4.6,7.3,5.9,2.9,5.4
Kim Ran,Tomorrow Boy,5.0,16.0,8210.0,3379.0,7.0,7.8,6.8,7.5,7.0
Yoon Shi So,What's Up With These Kids!?,6.0,13.0,9159.0,5085.0,5.5,6.0,7.5,6.0,7.0
Yoon Kyung Ah,Must You Go?,8.0,30.0,5841.0,2831.0,7.4,7.8,8.1,5.1,7.3
Park Hyun Joo,Secret Royal Inspector,16.0,70.0,1773.0,1102.0,7.5,8.1,7.7,6.5,7.7
Kim Ji Woon,Legal High,16.0,65.0,4444.0,2529.0,6.7,7.5,5.9,5.1,6.3
Jung Chan Mi,Witch's Castle,122.0,40.0,59245.0,9382.0,1.5,1.5,1.0,1.0,1.5
Kim Ho Soo,The Sound of Your Heart: Reboot,10.0,35.0,6285.0,3856.0,7.8,8.0,8.0,7.0,7.2
Song Yoon Hee,The Sound of Your Heart: Reboot Season 2,10.0,35.0,5128.0,4856.0,8.5,7.5,8.0,9.0,8.0
Kim Ji Hyun,Diary of a Prosecutor,16.0,65.0,1329.0,1849.0,8.9,9.5,7.8,7.7,8.8
Hong Jung Eun,Blueming,11.0,14.0,1715.0,367.0,8.6,8.9,8.3,7.2,8.6
Hong Mi Ran,Blueming,11.0,14.0,1715.0,367.0,8.6,8.9,8.3,7.2,8.6
Kim Dong Kyu,To My Star Season 2: Our Untold Stories,10.0,25.0,1408.0,595.0,7.0,9.1,7.8,5.3,7.6
Han Sang Woon,Here's My Plan,4.0,58.0,2068.0,2353.0,9.0,9.5,9.4,8.4,9.1
Choi Sun Mi,Do You Like Brahms?,16.0,65.0,1815.0,409.0,7.3,8.8,9.2,5.8,7.8
Yoo So Jung,Everything and Nothing,4.0,30.0,4085.0,2089.0,8.9,9.4,7.9,7.7,8.8
Kim Tae Hee,Pied Piper,16.0,65.0,2267.0,2633.0,7.8,8.0,7.1,5.7,8.0
Kim Young Hyun,My Holo Love,12.0,55.0,1495.0,158.0,8.2,9.2,8.4,6.8,8.4
Park Sang Yeon,My Holo Love,12.0,55.0,1495.0,158.0,8.2,9.2,8.4,6.8,8.4
Lee Seul,Second Husband,150.0,35.0,4758.0,3452.0,5.5,6.8,5.7,3.5,5.6
Choi Yo Ji,Second Husband,150.0,35.0,4758.0,3452.0,5.5,6.8,5.7,3.5,5.6
Lee Dae II,Law School,16.0,65.0,329.0,198.0,7.8,9.0,8.5,7.3,8.2
Kim Sol Ji,Bulgasal: Immortal Souls,16.0,75.0,1149.0,515.0,6.7,8.3,8.2,5.0,7.1
Kwon Do Eun,Entourage,16.0,70.0,8888.0,1332.0,7.6,8.7,8.2,6.1,7.9
Lee Eun Joo,The Guest,16.0,67.0,205.0,317.0,8.7,9.0,9.0,7.5,8.8
Choi Hyun Ok,Save Me Season 2,16.0,65.0,2082.0,2307.0,8.5,9.0,7.5,6.4,8.5
Jo Won Gi,Dr. Park’s Clinic,12.0,28.0,3633.0,5741.0,7.8,8.9,7.1,7.1,7.6
Min Ji Eun,Dr. Park’s Clinic,12.0,28.0,3633.0,5741.0,7.8,8.9,7.1,7.1,7.6
Kim Yi Rang,The Great Show,16.0,66.0,3175.0,1895.0,7.6,7.6,6.9,5.4,7.1
Hwang Joo Ha,Hide and Seek,48.0,30.0,5644.0,3953.0,6.7,7.2,7.3,5.3,6.8
Kim Eun,Iron Lady Cha,111.0,40.0,58155.0,14841.0,2.0,2.5,1.0,1.0,2.0
Choi Yoon Kyo,Through the Darkness,12.0,70.0,171.0,772.0,7.2,8.8,6.9,5.5,7.2
Kim In Kang,Hometown Cha-Cha-Cha,16.0,80.0,197.0,42.0,7.4,8.6,7.9,6.8,7.7
Yang Hyuk Moon,Kill Heel,14.0,60.0,6637.0,4332.0,7.1,8.2,7.3,5.2,6.3
Ma Jin Won,Stealer: The Treasure Keeper,12.0,60.0,3588.0,2023.0,8.7,8.9,8.8,8.7,8.4
Jung Won,Let Me Be Your Knight,12.0,70.0,2499.0,1171.0,7.4,8.2,9.0,5.8,7.9
Seo Joo Yeon,Kkondae  Intern,24.0,35.0,2936.0,1628.0,9.2,9.3,8.8,8.5,9.2
Moon Soo Yeon,Green Mothers' Club,16.0,70.0,4324.0,2799.0,7.9,8.7,7.4,5.9,7.7
Kim Jung Ah,Unintentional Love Story,10.0,35.0,3286.0,778.0,8.4,8.9,8.5,8.3,8.8
Jo Gyoo Won,Awaken,16.0,70.0,1092.0,800.0,9.8,9.8,9.0,9.0,9.7
Kim Soo Min,High-end Crush,20.0,15.0,3805.0,535.0,8.3,9.0,7.6,7.5,8.7
Koo Ji Won,My Golden Life,52.0,65.0,2506.0,1199.0,7.3,8.6,7.5,4.9,7.8
Jung Hyun Min,Twenty Again,16.0,62.0,1932.0,637.0,8.7,8.5,8.3,7.2,8.7
Kim Sa Ra,Goodbye to Goodbye,40.0,30.0,2370.0,2294.0,7.7,8.1,6.6,6.0,7.6
Kim Ran,Catch the Ghost,16.0,65.0,1682.0,578.0,7.2,8.0,6.8,5.1,6.8
Hashimoto Hiroshi,Witch's Love,12.0,60.0,5237.0,589.0,7.7,8.5,8.1,6.7,7.9
Kim Hye Young,Backstreet Rookie,16.0,70.0,4060.0,181.0,7.5,9.0,8.3,6.7,8.3
Park So Young,Never Give Up,16.0,72.0,2398.0,4204.0,8.4,8.3,6.8,7.2,8.2
Kim Ban Di,The Unusual Family,149.0,35.0,58885.0,9305.0,3.5,4.0,1.0,1.0,3.5
Kim Ji Woo,One Day Off,8.0,25.0,1223.0,3710.0,8.9,9.1,7.8,8.5,8.9
Han Jung Hoon,"Bad Thief, Good Thief",50.0,75.0,4768.0,2254.0,9.0,9.5,9.4,6.9,9.1
Paolo Valconcha,Memories of the Alhambra,16.0,70.0,2111.0,97.0,7.3,8.9,8.5,7.0,7.9
Bae Sang Wook,Yumi's Cells,14.0,70.0,650.0,245.0,8.7,9.1,8.5,7.8,8.8
Kim Ki Ho,The King in Love,40.0,35.0,3071.0,1022.0,8.7,9.0,9.3,8.3,9.0
Lee Ye Dam,Love in Sadness,40.0,30.0,4905.0,2321.0,7.6,8.1,7.2,5.8,7.4
Jo Jung Seon,Shadow Detective Season 2,8.0,55.0,2443.0,6915.0,7.5,8.2,6.0,4.5,7.2
Im Hee Chul,Agency,16.0,65.0,1331.0,1948.0,8.8,9.3,8.2,7.8,8.9
Matsumoto Yusaku,Doctor Detective,32.0,35.0,3881.0,3607.0,7.7,8.9,7.9,6.0,7.9
Park Kye Ok,Forecasting Love and Weather,16.0,70.0,4914.0,230.0,5.7,7.4,6.8,4.5,6.0
Yang Jin Ah,Twenty-Twenty,20.0,26.0,2103.0,1063.0,8.8,8.8,8.9,8.3,8.8
Bang Yoo Jung,Oh! Boarding House,8.0,15.0,8007.0,978.0,6.6,7.8,7.0,6.2,7.0
Jang Hyuk Rin,The Eighth Sense,10.0,40.0,1674.0,555.0,8.8,9.4,8.0,8.0,8.8
Park Hee Gang,"Work Later, Drink Now",12.0,35.0,561.0,825.0,9.2,9.4,8.4,8.4,9.3
Song Jung Rim,The Lies Within,16.0,60.0,2341.0,1441.0,6.6,8.8,7.0,5.0,6.8
Park Jae Bum,The [email protected],24.0,45.0,5459.0,4995.0,6.5,7.5,7.5,3.5,7.0
Nakano Akira,Oh My Ghost,16.0,60.0,1003.0,48.0,7.5,9.0,7.5,6.8,7.9
Kim Soo Jin,My Absolute Boyfriend,40.0,35.0,6534.0,522.0,6.5,7.8,7.5,5.6,6.8
Lee Nam Gyu,My Absolute Boyfriend,40.0,35.0,6534.0,522.0,6.5,7.8,7.5,5.6,6.8
Jung Yi Do,Oh My Baby,16.0,65.0,3511.0,1031.0,7.8,8.4,7.7,4.2,7.5
Kim Yi Young,He Is Psychometric,16.0,64.0,883.0,68.0,8.3,9.2,8.0,6.1,8.2
Cheung Tan,Moorim School,16.0,63.0,4643.0,236.0,7.8,8.1,8.6,6.5,7.8
Baek Ji Hyun,Peach of Time,10.0,27.0,5925.0,863.0,8.2,9.0,9.0,7.8,8.4
Han Sul Hee,Peach of Time,10.0,27.0,5925.0,863.0,8.2,9.0,9.0,7.8,8.4
Park Sung Jin,A Bird That Doesn't Sing,100.0,50.0,51955.0,9461.0,6.5,6.8,3.5,4.2,6.2
Choi Bo Rim,Be My Dream Family,120.0,30.0,1857.0,5386.0,7.9,8.4,6.1,6.8,7.6
Lee Myung Sook,Be My Dream Family,120.0,30.0,1857.0,5386.0,7.9,8.4,6.1,6.8,7.6
Hwang Da Seul,Monstrous,6.0,40.0,5267.0,1423.0,6.3,8.0,7.2,5.0,7.0
Kwon Soon Won,Unicorn,12.0,40.0,5598.0,4163.0,8.6,9.4,7.6,8.2,8.9
Jung Hyun Jung,Falling for Innocence,16.0,60.0,1529.0,285.0,8.5,9.3,8.0,7.4,8.6
Kim Eun Hee,Welcome 2 Life,32.0,35.0,1025.0,1270.0,8.9,9.5,8.2,8.4,8.9
Lee Hye Seon,SKY Castle,20.0,75.0,116.0,108.0,8.8,9.7,9.1,7.5,9.0
Choi Yeon Geol,Naked Fireman,4.0,60.0,3007.0,1984.0,8.4,8.9,7.0,7.3,8.2
Moon Young Nam,Mama Fairy and the Woodcutter,16.0,63.0,8577.0,1291.0,7.0,8.0,6.6,5.4,7.1
Shin Ha Eun,The Eccentric Daughter-in-Law,12.0,75.0,7125.0,2769.0,7.3,7.8,7.8,6.2,7.9
Kim Sung Deok,The Eccentric Daughter-in-Law,12.0,75.0,7125.0,2769.0,7.3,7.8,7.8,6.2,7.9
Choi Wan Kyu,Love Affairs in the Afternoon,16.0,60.0,2427.0,1619.0,8.5,9.0,8.5,7.8,8.6
Moon Eun Ah,Private Lives,16.0,75.0,6110.0,668.0,6.7,8.7,7.8,4.9,7.3
Jo Ah Young,My Husband Oh Jak Doo,24.0,70.0,4669.0,1863.0,8.2,8.7,8.0,6.5,7.8
Park Chan Young,My Husband Oh Jak Doo,24.0,70.0,4669.0,1863.0,8.2,8.7,8.0,6.5,7.8
Park Sun Jae,Summer Guys,10.0,30.0,5793.0,2694.0,8.1,7.1,7.0,5.0,7.9
Kim Yoon Young,Lawless Lawyer,16.0,66.0,1086.0,139.0,7.3,8.7,6.9,6.5,7.8
Park Yeon Kyung,Move to Heaven,10.0,52.0,9.0,86.0,9.6,9.8,9.2,8.5,9.7
Kwon Hye Ji,All About My Mom,54.0,80.0,2658.0,3153.0,8.6,9.6,8.4,7.3,8.9
Heo Joon Woo,Girls' Generation 1979,8.0,60.0,1601.0,1516.0,9.0,9.2,9.0,8.0,9.2
Kang Yi Hun,Girls' Generation 1979,8.0,60.0,1601.0,1516.0,9.0,9.2,9.0,8.0,9.2
Lee Ah Yeon,Moment at Eighteen,16.0,70.0,2010.0,302.0,6.9,7.7,7.1,6.0,6.9
Seo Bo Ra,Moment at Eighteen,16.0,70.0,2010.0,302.0,6.9,7.7,7.1,6.0,6.9
Song Jae Jung,Ms. Perfect,20.0,64.0,6105.0,2953.0,6.9,7.7,6.3,4.9,7.2
Kang Chul Woong,The New Employee,7.0,20.0,6343.0,818.0,7.2,8.2,7.3,6.5,7.7
Jeon Chan Ho,The New Employee,7.0,20.0,6343.0,818.0,7.2,8.2,7.3,6.5,7.7
Lee Je In,The New Employee,7.0,20.0,6343.0,818.0,7.2,8.2,7.3,6.5,7.7
Choi Sun Mi,Because This Is My First Life,16.0,70.0,601.0,33.0,7.6,8.5,7.4,6.3,7.6
Yoo Young Ah,Ho Goo's Love,16.0,60.0,2016.0,580.0,9.2,9.3,8.0,8.6,9.2
Jo Soo Jin,Best Mistake,15.0,8.0,3734.0,923.0,7.4,7.3,7.7,6.6,7.2
Park Hye Ryun,Best Mistake Season 2,16.0,15.0,4178.0,1693.0,6.5,7.7,6.9,5.1,6.7
Hong Young Hee,The World of My 17,12.0,15.0,3537.0,1704.0,7.1,7.0,7.5,6.5,7.1
Moon Man Se,Hospital Ship,40.0,35.0,2728.0,890.0,7.5,8.2,7.8,5.8,7.5
Yoo Hyun Mi,Eve,16.0,67.0,2689.0,549.0,5.2,7.5,7.8,4.4,6.2
Kim Soon Ok,Weak Hero Class 1,8.0,40.0,15.0,179.0,9.1,9.7,9.3,8.7,9.3
